candidate_type,dataset,SITE_SOURCE_ID_1,SITE_NAME_1,LONGITUDE_1,LATITUDE_1,SITE_SOURCE_ID_2,SITE_NAME_2,LONGITUDE_2,LATITUDE_2,notes
same_name_within_dataset,V3,400fea12-f1f3-4f48-b009-75d052c0f1f0,Gua Bulu Sumi,119.602778,-4.7025,93c5f973-0f54-46ec-8288-38267110ae89,Gua Bulu Sumi,119.5825,-4.916111,Same SITE_NAME within dataset
same_name_within_dataset,V3,60dd154f-1c16-496f-9fb0-272721ffccef,Peunoudia Site,140.411,-2.412194,addaeb9b-445b-4047-8229-0ffd4fc237d7,Peunoudia Site,140.411,-2.412194,Same SITE_NAME within dataset
same_name_within_dataset,V4,258                                 ,                                   ,,,5e2da9e4-ec2f-4141-a914-d47a86c3dd77,                                   ,,,Same SITE_NAME within dataset
same_name_within_dataset,V4,258                                 ,                                   ,,,d6a7fc53-eab1-4263-a015-01e4fb843d0a,                                   ,,,Same SITE_NAME within dataset
same_name_within_dataset,V4,5e2da9e4-ec2f-4141-a914-d47a86c3dd77,                                   ,,,d6a7fc53-eab1-4263-a015-01e4fb843d0a,                                   ,,,Same SITE_NAME within dataset
same_name_within_dataset,V4,400fea12-f1f3-4f48-b009-75d052c0f1f0, Gua Bulu Sumi                     ,119.602778,-4.7025,93c5f973-0f54-46ec-8288-38267110ae89, Gua Bulu Sumi                     ,119.5825,-4.916111,Same SITE_NAME within dataset
same_name_within_dataset,V4,60dd154f-1c16-496f-9fb0-272721ffccef, Peunoudia Site                    ,140.411,-2.412194,addaeb9b-445b-4047-8229-0ffd4fc237d7, Peunoudia Site                    ,140.411,-2.412194,Same SITE_NAME within dataset
same_coords_within_dataset,V3,18ab496a-1bf5-44ad-b041-87f2608a9d75,Pedawa 5,115.04989,-8.23575,2a16f0e1-8081-47bb-93d4-e8df25893b43,Pedawa 4,115.04989,-8.23575,Same coordinates within dataset
same_coords_within_dataset,V3,18ab496a-1bf5-44ad-b041-87f2608a9d75,Pedawa 5,115.04989,-8.23575,ea233673-3102-41c1-a107-f64dc9fa16dd,Pedawa 3,115.04989,-8.23575,Same coordinates within dataset
same_coords_within_dataset,V3,2a16f0e1-8081-47bb-93d4-e8df25893b43,Pedawa 4,115.04989,-8.23575,ea233673-3102-41c1-a107-f64dc9fa16dd,Pedawa 3,115.04989,-8.23575,Same coordinates within dataset
same_coords_within_dataset,V3,93c5f973-0f54-46ec-8288-38267110ae89,Gua Bulu Sumi,119.5825,-4.916111,ef451a2f-7bbf-4b44-80eb-533236c9e9d8,Gua Sumpangbita,119.5825,-4.916111,Same coordinates within dataset
same_coords_within_dataset,V3,224d8954-0236-4430-b854-26597dc525e3,Leang Lompoa,119.593056,-4.835556,fd9f9f2a-06ff-49b3-a1aa-379967f80ac6,Gua Lompoa,119.593056,-4.835556,Same coordinates within dataset
same_coords_within_dataset,V3,2cc6e9e9-0037-4618-afc9-e7c8d8f2adcd,Gua Bawię,119.602833,-4.847361,61de236b-8487-4d74-bb35-86dd7d0b28bc,Leang Bawię,119.602833,-4.847361,Same coordinates within dataset
same_coords_within_dataset,V3,739ae6d5-e626-441a-90ab-8abb4c722993,Leang Tengngae,119.655806,-4.962556,cb5d4508-9484-4df5-9d91-1db4430f2659,Leang Tenggae,119.655806,-4.962556,Same coordinates within dataset
same_coords_within_dataset,V3,30d13a27-adba-495e-a395-52e2ec613d7f,Metanduno Cave,122.659361,-4.898472,b629c976-0f2b-4dc9-b6d2-27dbdbaa72dc,Ida Malangi Rockshelter,122.659361,-4.898472,Same coordinates within dataset
same_coords_within_dataset,V3,97e61c7d-2c4d-406f-9dad-61d48d936a64,Tron Bon Lei Rockshelters,124.567936,-8.434308,e665cec5-3f13-40e1-8be9-23697dcc1ea0,Ba Lei Rockshelter,124.567936,-8.434308,Same coordinates within dataset
same_coords_within_dataset,V3,9ba805bb-3d13-4657-b921-93d3a415307d,Kokuit Uatmata Site,132.496222,-2.66975,a5274e06-44ab-46ca-91cf-cb51501baed1,Tapuraramo Site,132.496222,-2.66975,Same coordinates within dataset
same_coords_within_dataset,V3,60dd154f-1c16-496f-9fb0-272721ffccef,Peunoudia Site,140.411,-2.412194,addaeb9b-445b-4047-8229-0ffd4fc237d7,Peunoudia Site,140.411,-2.412194,Same coordinates within dataset
same_coords_within_dataset,V3,94eae4d8-3d13-4d08-ae7b-b794c165fb5e,Emok Tum Archaeological Site,140.453367,-4.836067,ef260956-2d2f-4473-a6e6-3f07ec5cf2ea,Apuk Tum Archaeological Site,140.453367,-4.836067,Same coordinates within dataset
same_coords_within_dataset,V3,7d2b0b74-3077-4afa-9a13-2f354023def2,Ormu Negeibe Stone Chair,140.559889,-2.448583,8aa4aa94-bf2c-4086-9a25-549c2b0a34d8,Yarkwaco Site,140.559889,-2.448583,Same coordinates within dataset
same_coords_within_dataset,V3,04a9f65d-ee61-40e7-ae86-554a5a4f3a89,Tanjung Ucokwa Megalithic Site,140.601972,-2.448944,fa4bb914-a226-40aa-bc1e-260d5b3a78fe,Yasodia Site,140.601972,-2.448944,Same coordinates within dataset
same_coords_within_dataset,V4,18ab496a-1bf5-44ad-b041-87f2608a9d75, Pedawa 5                          ,115.04989,-8.23575,2a16f0e1-8081-47bb-93d4-e8df25893b43, Pedawa 4                          ,115.04989,-8.23575,Same coordinates within dataset
same_coords_within_dataset,V4,18ab496a-1bf5-44ad-b041-87f2608a9d75, Pedawa 5                          ,115.04989,-8.23575,ea233673-3102-41c1-a107-f64dc9fa16dd, Pedawa 3                          ,115.04989,-8.23575,Same coordinates within dataset
same_coords_within_dataset,V4,2a16f0e1-8081-47bb-93d4-e8df25893b43, Pedawa 4                          ,115.04989,-8.23575,ea233673-3102-41c1-a107-f64dc9fa16dd, Pedawa 3                          ,115.04989,-8.23575,Same coordinates within dataset
same_coords_within_dataset,V4,93c5f973-0f54-46ec-8288-38267110ae89, Gua Bulu Sumi                     ,119.5825,-4.916111,ef451a2f-7bbf-4b44-80eb-533236c9e9d8, Gua Sumpangbita                   ,119.5825,-4.916111,Same coordinates within dataset
same_coords_within_dataset,V4,224d8954-0236-4430-b854-26597dc525e3, Leang Lompoa                      ,119.593056,-4.835556,fd9f9f2a-06ff-49b3-a1aa-379967f80ac6, Gua Lompoa                        ,119.593056,-4.835556,Same coordinates within dataset
same_coords_within_dataset,V4,2cc6e9e9-0037-4618-afc9-e7c8d8f2adcd, Gua Bawię                         ,119.602833,-4.847361,61de236b-8487-4d74-bb35-86dd7d0b28bc, Leang Bawię                       ,119.602833,-4.847361,Same coordinates within dataset
same_coords_within_dataset,V4,739ae6d5-e626-441a-90ab-8abb4c722993, Leang Tengngae                    ,119.655806,-4.962556,cb5d4508-9484-4df5-9d91-1db4430f2659, Leang Tenggae                     ,119.655806,-4.962556,Same coordinates within dataset
same_coords_within_dataset,V4,97e61c7d-2c4d-406f-9dad-61d48d936a64, Tron Bon Lei Rockshelters         ,124.567936,-8.434308,e665cec5-3f13-40e1-8be9-23697dcc1ea0, Ba Lei Rockshelter                ,124.567936,-8.434308,Same coordinates within dataset
same_coords_within_dataset,V4,9ba805bb-3d13-4657-b921-93d3a415307d, Kokuit Uatmata Site               ,132.496222,-2.66975,a5274e06-44ab-46ca-91cf-cb51501baed1, Tapuraramo Site                   ,132.496222,-2.66975,Same coordinates within dataset
same_coords_within_dataset,V4,60dd154f-1c16-496f-9fb0-272721ffccef, Peunoudia Site                    ,140.411,-2.412194,addaeb9b-445b-4047-8229-0ffd4fc237d7, Peunoudia Site                    ,140.411,-2.412194,Same coordinates within dataset
same_coords_within_dataset,V4,94eae4d8-3d13-4d08-ae7b-b794c165fb5e, Emok Tum Archaeological Site      ,140.453367,-4.836067,ef260956-2d2f-4473-a6e6-3f07ec5cf2ea, Apuk Tum Archaeological Site      ,140.453367,-4.836067,Same coordinates within dataset
same_coords_within_dataset,V4,7d2b0b74-3077-4afa-9a13-2f354023def2, Ormu Negeibe Stone Chair          ,140.559889,-2.448583,8aa4aa94-bf2c-4086-9a25-549c2b0a34d8, Yarkwaco Site                     ,140.559889,-2.448583,Same coordinates within dataset
same_coords_within_dataset,V4,04a9f65d-ee61-40e7-ae86-554a5a4f3a89, Tanjung Ucokwa Megalithic Site    ,140.601972,-2.448944,fa4bb914-a226-40aa-bc1e-260d5b3a78fe, Yasodia Site                      ,140.601972,-2.448944,Same coordinates within dataset
cross_dataset_same_coords,V3+V4,3ef250d8-03b0-4939-ab78-d41857430fe5,Golo Cave,129.3874452,-0.0071239,3ef250d8-03b0-4939-ab78-d41857430fe5, Golo Cave                         ,129.3874452,-0.0071239,Same coordinates across datasets
cross_dataset_same_coords,V3+V4,e6038c86-c9cc-4551-97db-dfe504afd28d,Pedawa 1,115.01016,-8.2413,e6038c86-c9cc-4551-97db-dfe504afd28d, Pedawa 1                          ,115.01016,-8.2413,Same coordinates across datasets
cross_dataset_same_coords,V3+V4,c5089353-8b2f-46b7-bbaa-38fea0c01d32,Pedawa 2,115.01928,-8.24195,c5089353-8b2f-46b7-bbaa-38fea0c01d32, Pedawa 2                          ,115.01928,-8.24195,Same coordinates across datasets
cross_dataset_same_coords,V3+V4,ea233673-3102-41c1-a107-f64dc9fa16dd,Pedawa 3,115.04989,-8.23575,ea233673-3102-41c1-a107-f64dc9fa16dd, Pedawa 3                          ,115.04989,-8.23575,Same coordinates across datasets
cross_dataset_same_coords,V3+V4,ea233673-3102-41c1-a107-f64dc9fa16dd,Pedawa 3,115.04989,-8.23575,2a16f0e1-8081-47bb-93d4-e8df25893b43, Pedawa 4                          ,115.04989,-8.23575,Same coordinates across datasets
cross_dataset_same_coords,V3+V4,ea233673-3102-41c1-a107-f64dc9fa16dd,Pedawa 3,115.04989,-8.23575,18ab496a-1bf5-44ad-b041-87f2608a9d75, Pedawa 5                          ,115.04989,-8.23575,Same coordinates across datasets
cross_dataset_same_coords,V3+V4,2a16f0e1-8081-47bb-93d4-e8df25893b43,Pedawa 4,115.04989,-8.23575,ea233673-3102-41c1-a107-f64dc9fa16dd, Pedawa 3                          ,115.04989,-8.23575,Same coordinates across datasets
cross_dataset_same_coords,V3+V4,2a16f0e1-8081-47bb-93d4-e8df25893b43,Pedawa 4,115.04989,-8.23575,2a16f0e1-8081-47bb-93d4-e8df25893b43, Pedawa 4                          ,115.04989,-8.23575,Same coordinates across datasets
cross_dataset_same_coords,V3+V4,2a16f0e1-8081-47bb-93d4-e8df25893b43,Pedawa 4,115.04989,-8.23575,18ab496a-1bf5-44ad-b041-87f2608a9d75, Pedawa 5                          ,115.04989,-8.23575,Same coordinates across datasets
cross_dataset_same_coords,V3+V4,18ab496a-1bf5-44ad-b041-87f2608a9d75,Pedawa 5,115.04989,-8.23575,ea233673-3102-41c1-a107-f64dc9fa16dd, Pedawa 3                          ,115.04989,-8.23575,Same coordinates across datasets
cross_dataset_same_coords,V3+V4,18ab496a-1bf5-44ad-b041-87f2608a9d75,Pedawa 5,115.04989,-8.23575,2a16f0e1-8081-47bb-93d4-e8df25893b43, Pedawa 4                          ,115.04989,-8.23575,Same coordinates across datasets
cross_dataset_same_coords,V3+V4,18ab496a-1bf5-44ad-b041-87f2608a9d75,Pedawa 5,115.04989,-8.23575,18ab496a-1bf5-44ad-b041-87f2608a9d75, Pedawa 5                          ,115.04989,-8.23575,Same coordinates across datasets
cross_dataset_same_coords,V3+V4,b3cc5856-1d0f-464f-bb64-9cffedd9ae31,Pedawa 6,115.02381,-8.23139,b3cc5856-1d0f-464f-bb64-9cffedd9ae31, Pedawa 6                          ,115.02381,-8.23139,Same coordinates across datasets
cross_dataset_same_coords,V3+V4,c8da4397-0c61-431e-8598-2e43be9a2a0f,Pedawa 7,115.02661,-8.24451,c8da4397-0c61-431e-8598-2e43be9a2a0f, Pedawa 7                          ,115.02661,-8.24451,Same coordinates across datasets
cross_dataset_same_coords,V3+V4,60705f3b-1afc-4835-baca-0211fe3aa27b,Pedawa 8,115.0271,-8.24405,60705f3b-1afc-4835-baca-0211fe3aa27b, Pedawa 8                          ,115.0271,-8.24405,Same coordinates across datasets
cross_dataset_same_coords,V3+V4,248b6e4c-e6af-40c4-a993-068a3763b996,Pedawa 9,115.016,-8.24345,248b6e4c-e6af-40c4-a993-068a3763b996, Pedawa 9                          ,115.016,-8.24345,Same coordinates across datasets
cross_dataset_same_coords,V3+V4,b5897a2b-3e8f-4f1b-b401-20863fa88418,Sampiang,115.331691320297,-8.53710122349279,b5897a2b-3e8f-4f1b-b401-20863fa88418, Sampiang                          ,115.331691320297,-8.53710122349279,Same coordinates across datasets
cross_dataset_same_coords,V3+V4,3aa08528-1e41-4998-b35a-ab7ef7e4a716,Cekeng,115.355111,-8.421528,3aa08528-1e41-4998-b35a-ab7ef7e4a716, Cekeng                            ,115.355111,-8.421528,Same coordinates across datasets
cross_dataset_same_coords,V3+V4,98674d10-91bf-4024-a794-6df14340978c,Sukoyu,121.298861,-2.429444,98674d10-91bf-4024-a794-6df14340978c, Sukoyu                            ,121.298861,-2.429444,Same coordinates across datasets
cross_dataset_same_coords,V3+V4,453123d7-324c-4a3d-8a3b-9945ff99c60a,Pontanoa Bangka,121.306472,-2.433528,453123d7-324c-4a3d-8a3b-9945ff99c60a, Pontanoa Bangka                   ,121.306472,-2.433528,Same coordinates across datasets
cross_dataset_same_coords,V3+V4,8cf35f0c-f327-40dc-8385-bbb1b99d5ed8,Katue,121.033472,-2.590306,8cf35f0c-f327-40dc-8385-bbb1b99d5ed8, Katue                             ,121.033472,-2.590306,Same coordinates across datasets
cross_dataset_same_coords,V3+V4,9ee7869d-3cba-458b-8dc2-5240c5c345ee,Rahampu’u 1 (RHP1),121.216667,-2.455667,9ee7869d-3cba-458b-8dc2-5240c5c345ee, Rahampu’u 1 (RHP1)                ,121.216667,-2.455667,Same coordinates across datasets
cross_dataset_same_coords,V3+V4,34a81252-a293-4cd6-a215-a514fd086b72,Nuha,121.339639,-2.446167,34a81252-a293-4cd6-a215-a514fd086b72, Nuha                              ,121.339639,-2.446167,Same coordinates across datasets
cross_dataset_same_coords,V3+V4,413089d4-d725-4062-bcc2-a809ccb3fe8e,Bola Merajae,121.090639,-2.5945,413089d4-d725-4062-bcc2-a809ccb3fe8e, Bola Merajae                      ,121.090639,-2.5945,Same coordinates across datasets
cross_dataset_same_coords,V3+V4,40c855fd-2f5a-40a9-9bf5-29c413c0236c,Sabbang Loang,120.246278,-2.595306,40c855fd-2f5a-40a9-9bf5-29c413c0236c, Sabbang Loang                     ,120.246278,-2.595306,Same coordinates across datasets
cross_dataset_same_coords,V3+V4,c62a4f29-e73b-4eaf-a667-56f368b5e880,Gua Baiya,119.599444,-4.840556,c62a4f29-e73b-4eaf-a667-56f368b5e880, Gua Baiya                         ,119.599444,-4.840556,Same coordinates across datasets
cross_dataset_same_coords,V3+V4,3998177c-888b-4052-b469-7b75e08e76e9,Gua Batang Lamara,119.595556,-4.848889,3998177c-888b-4052-b469-7b75e08e76e9, Gua Batang Lamara                 ,119.595556,-4.848889,Same coordinates across datasets
cross_dataset_same_coords,V3+V4,34eec858-82f0-4a42-8f04-30f281af1bc7,Gua Bujung,119.6,-4.84,34eec858-82f0-4a42-8f04-30f281af1bc7, Gua Bujung                        ,119.6,-4.84,Same coordinates across datasets
cross_dataset_same_coords,V3+V4,ec9d3428-2981-4f78-8d7f-7bf22e0b93da,Gua Bulu Ribba,119.594444,-4.841667,ec9d3428-2981-4f78-8d7f-7bf22e0b93da, Gua Bulu Ribba                    ,119.594444,-4.841667,Same coordinates across datasets
cross_dataset_same_coords,V3+V4,cf3d8a7f-5ffb-45bc-ad9f-b2d2017b0e3b,Gua Caddia,119.584444,-4.831667,cf3d8a7f-5ffb-45bc-ad9f-b2d2017b0e3b, Gua Caddia                        ,119.584444,-4.831667,Same coordinates across datasets
cross_dataset_same_coords,V3+V4,a694ea1b-8079-4ff0-ae17-7895989fdc7f,Gua Camming Kana,119.593333,-4.841944,a694ea1b-8079-4ff0-ae17-7895989fdc7f, Gua Camming Kana                  ,119.593333,-4.841944,Same coordinates across datasets
cross_dataset_same_coords,V3+V4,66f07aad-1692-4f99-be9b-a99522bf6b90,Gua Carawaii,119.592222,-4.843333,66f07aad-1692-4f99-be9b-a99522bf6b90, Gua Carawaii                      ,119.592222,-4.843333,Same coordinates across datasets
cross_dataset_same_coords,V3+V4,619cf9ba-54b0-4b12-a3b7-d742705544c7,Gua Jempang,119.593056,-4.835833,619cf9ba-54b0-4b12-a3b7-d742705544c7, Gua Jempang                       ,119.593056,-4.835833,Same coordinates across datasets
cross_dataset_same_coords,V3+V4,c743263a-12ff-4599-90ed-a641214981e7,Gua Kajuara,119.596389,-4.836667,c743263a-12ff-4599-90ed-a641214981e7, Gua Kajuara                       ,119.596389,-4.836667,Same coordinates across datasets
cross_dataset_same_coords,V3+V4,98291195-46f5-4b8c-bf12-7daa60989dff,Gua Kassi,119.594167,-4.836111,98291195-46f5-4b8c-bf12-7daa60989dff, Gua Kassi                         ,119.594167,-4.836111,Same coordinates across datasets
cross_dataset_same_coords,V3+V4,e4c1d6db-2f48-4574-abf5-a0dba70d5512,Gua Lambuto,119.588333,-4.834167,e4c1d6db-2f48-4574-abf5-a0dba70d5512, Gua Lambuto                       ,119.588333,-4.834167,Same coordinates across datasets
cross_dataset_same_coords,V3+V4,197c8e95-b57f-47cd-844c-217330e4783f,Gua Lamperajang,119.598333,-4.856667,197c8e95-b57f-47cd-844c-217330e4783f, Gua Lamperajang                   ,119.598333,-4.856667,Same coordinates across datasets
cross_dataset_same_coords,V3+V4,cfb3f519-c68f-454a-acb9-140dca658895,Gua Lesang,119.5825,-4.830556,cfb3f519-c68f-454a-acb9-140dca658895, Gua Lesang                        ,119.5825,-4.830556,Same coordinates across datasets
cross_dataset_same_coords,V3+V4,fdfd25e3-a006-465d-9584-e38636a182e5,Gua Limbubuka,119.582222,-4.830556,fdfd25e3-a006-465d-9584-e38636a182e5, Gua Limbubuka                     ,119.582222,-4.830556,Same coordinates across datasets
cross_dataset_same_coords,V3+V4,fd9f9f2a-06ff-49b3-a1aa-379967f80ac6,Gua Lompoa,119.593056,-4.835556,fd9f9f2a-06ff-49b3-a1aa-379967f80ac6, Gua Lompoa                        ,119.593056,-4.835556,Same coordinates across datasets
cross_dataset_same_coords,V3+V4,fd9f9f2a-06ff-49b3-a1aa-379967f80ac6,Gua Lompoa,119.593056,-4.835556,224d8954-0236-4430-b854-26597dc525e3, Leang Lompoa                      ,119.593056,-4.835556,Same coordinates across datasets
cross_dataset_same_coords,V3+V4,db6551f9-a756-45df-b6e4-e12752da6e6f,Gua Pattenungan,119.596667,-4.836944,db6551f9-a756-45df-b6e4-e12752da6e6f, Gua Pattenungan                   ,119.596667,-4.836944,Same coordinates across datasets
cross_dataset_same_coords,V3+V4,b662159a-ac7e-4e17-9d1c-9e972b53a4dd,Gua Sakapao,119.602222,-4.834167,b662159a-ac7e-4e17-9d1c-9e972b53a4dd, Gua Sakapao                       ,119.602222,-4.834167,Same coordinates across datasets
cross_dataset_same_coords,V3+V4,824fb9d5-3058-40e8-9991-d5bb07156218,Gua Sapiria,119.597222,-4.849722,824fb9d5-3058-40e8-9991-d5bb07156218, Gua Sapiria                       ,119.597222,-4.849722,Same coordinates across datasets
cross_dataset_same_coords,V3+V4,0abaa301-9441-4f48-ae05-ae6c7fe97761,Gua Sassang,119.595,-4.846667,0abaa301-9441-4f48-ae05-ae6c7fe97761, Gua Sassang                       ,119.595,-4.846667,Same coordinates across datasets
cross_dataset_same_coords,V3+V4,200a47a8-e9c0-4d23-8e0a-7cb7b6096c27,Gua Tanarajae,119.596667,-4.8375,200a47a8-e9c0-4d23-8e0a-7cb7b6096c27, Gua Tanarajae                     ,119.596667,-4.8375,Same coordinates across datasets
cross_dataset_same_coords,V3+V4,43963a71-1737-4a6c-ab45-03f37b633a84,Gua Tinggia,119.586667,-4.83,43963a71-1737-4a6c-ab45-03f37b633a84, Gua Tinggia                       ,119.586667,-4.83,Same coordinates across datasets
cross_dataset_same_coords,V3+V4,d993c573-b4a1-4183-83c7-0419cf1f2403,Gua Tuka,119.5825,-4.8275,d993c573-b4a1-4183-83c7-0419cf1f2403, Gua Tuka                          ,119.5825,-4.8275,Same coordinates across datasets
cross_dataset_same_coords,V3+V4,decc65fc-5554-4ddd-a37c-2188487705f4,Gua Ujung,119.595278,-4.843333,decc65fc-5554-4ddd-a37c-2188487705f4, Gua Ujung                         ,119.595278,-4.843333,Same coordinates across datasets
cross_dataset_same_coords,V3+V4,09026e68-744e-4036-b910-1b42f67113f0,Gua Ulu Tedong,119.605556,-4.861667,09026e68-744e-4036-b910-1b42f67113f0, Gua Ulu Tedong                    ,119.605556,-4.861667,Same coordinates across datasets
cross_dataset_same_coords,V3+V4,947b7a4b-4f18-4c92-a599-bf7c8dfa3777,Bubuka,119.582611,-4.830972,947b7a4b-4f18-4c92-a599-bf7c8dfa3777, Bubuka                            ,119.582611,-4.830972,Same coordinates across datasets
cross_dataset_same_coords,V3+V4,ef451a2f-7bbf-4b44-80eb-533236c9e9d8,Gua Sumpangbita,119.5825,-4.916111,ef451a2f-7bbf-4b44-80eb-533236c9e9d8, Gua Sumpangbita                   ,119.5825,-4.916111,Same coordinates across datasets
cross_dataset_same_coords,V3+V4,ef451a2f-7bbf-4b44-80eb-533236c9e9d8,Gua Sumpangbita,119.5825,-4.916111,93c5f973-0f54-46ec-8288-38267110ae89, Gua Bulu Sumi                     ,119.5825,-4.916111,Same coordinates across datasets
cross_dataset_same_coords,V3+V4,93c5f973-0f54-46ec-8288-38267110ae89,Gua Bulu Sumi,119.5825,-4.916111,ef451a2f-7bbf-4b44-80eb-533236c9e9d8, Gua Sumpangbita                   ,119.5825,-4.916111,Same coordinates across datasets
cross_dataset_same_coords,V3+V4,93c5f973-0f54-46ec-8288-38267110ae89,Gua Bulu Sumi,119.5825,-4.916111,93c5f973-0f54-46ec-8288-38267110ae89, Gua Bulu Sumi                     ,119.5825,-4.916111,Same coordinates across datasets
cross_dataset_same_coords,V3+V4,400fea12-f1f3-4f48-b009-75d052c0f1f0,Gua Bulu Sumi,119.602778,-4.7025,400fea12-f1f3-4f48-b009-75d052c0f1f0, Gua Bulu Sumi                     ,119.602778,-4.7025,Same coordinates across datasets
cross_dataset_same_coords,V3+V4,d73819fd-1d14-471d-ae34-1a86a0d36b62,Gua Garunggung,119.611667,-4.806667,d73819fd-1d14-471d-ae34-1a86a0d36b62, Gua Garunggung                    ,119.611667,-4.806667,Same coordinates across datasets
cross_dataset_same_coords,V3+V4,148d67a3-d261-47df-b02d-85acbf90b71b,Gua Cumi Lantang,119.616111,-4.813333,148d67a3-d261-47df-b02d-85acbf90b71b, Gua Cumi Lantang                  ,119.616111,-4.813333,Same coordinates across datasets
cross_dataset_same_coords,V3+V4,0b6dfef5-4965-48b6-97a3-e7777cc4d8d8,Gua Maccina,119.613333,-4.803333,0b6dfef5-4965-48b6-97a3-e7777cc4d8d8, Gua Maccina                       ,119.613333,-4.803333,Same coordinates across datasets
cross_dataset_same_coords,V3+V4,b294059c-52bb-4479-89f3-994177ea1d19,Gua Saluka,119.615833,-4.816111,b294059c-52bb-4479-89f3-994177ea1d19, Gua Saluka                        ,119.615833,-4.816111,Same coordinates across datasets
cross_dataset_same_coords,V3+V4,031b937e-3222-4ebd-8d79-ab8f0702804f,Gua Pamelakang Tedong,119.521667,-4.798333,031b937e-3222-4ebd-8d79-ab8f0702804f, Gua Pamelakang Tedong             ,119.521667,-4.798333,Same coordinates across datasets
cross_dataset_same_coords,V3+V4,07a99665-c107-493e-a329-011c2916987e,Gua Lasitae,119.525,-4.794444,07a99665-c107-493e-a329-011c2916987e, Gua Lasitae                       ,119.525,-4.794444,Same coordinates across datasets
cross_dataset_same_coords,V3+V4,71a9872c-2506-4ae8-b845-12070a117d6c,Gua Pabujangang,119.526944,-4.797222,71a9872c-2506-4ae8-b845-12070a117d6c, Gua Pabujangang                   ,119.526944,-4.797222,Same coordinates across datasets
cross_dataset_same_coords,V3+V4,2cc6e9e9-0037-4618-afc9-e7c8d8f2adcd,Gua Bawię,119.602833,-4.847361,2cc6e9e9-0037-4618-afc9-e7c8d8f2adcd, Gua Bawię                         ,119.602833,-4.847361,Same coordinates across datasets
cross_dataset_same_coords,V3+V4,2cc6e9e9-0037-4618-afc9-e7c8d8f2adcd,Gua Bawię,119.602833,-4.847361,61de236b-8487-4d74-bb35-86dd7d0b28bc, Leang Bawię                       ,119.602833,-4.847361,Same coordinates across datasets
cross_dataset_same_coords,V3+V4,a4213939-7563-42c0-a2c1-b21a9edc7768,Gua Biring Ere,119.613333,-4.78,a4213939-7563-42c0-a2c1-b21a9edc7768, Gua Biring Ere                    ,119.613333,-4.78,Same coordinates across datasets
cross_dataset_same_coords,V3+V4,dc51c5f9-cb10-4b3d-b83d-04762a62d9cb,Gua Buto,119.584722,-4.831194,dc51c5f9-cb10-4b3d-b83d-04762a62d9cb, Gua Buto                          ,119.584722,-4.831194,Same coordinates across datasets
cross_dataset_same_coords,V3+V4,53868e1b-db65-476d-acdd-42b4af750fd2,Gua Pattennung,119.592694,-4.835444,53868e1b-db65-476d-acdd-42b4af750fd2, Gua Pattennung                    ,119.592694,-4.835444,Same coordinates across datasets
cross_dataset_same_coords,V3+V4,96c24c41-a7c0-4819-bb9e-264166b76031,Gua Alla Pusae,119.671139,-4.986694,96c24c41-a7c0-4819-bb9e-264166b76031, Gua Alla Pusae                    ,119.671139,-4.986694,Same coordinates across datasets
cross_dataset_same_coords,V3+V4,7048a32d-d551-4068-9881-ef835e5bbc80,Gua Alle Bireng,119.682889,-4.971139,7048a32d-d551-4068-9881-ef835e5bbc80, Gua Alle Bireng                   ,119.682889,-4.971139,Same coordinates across datasets
cross_dataset_same_coords,V3+V4,623fcab4-3ddb-4d8e-9d37-5920d20cffd6,Leang Ambe Pacco,119.669778,-4.987444,623fcab4-3ddb-4d8e-9d37-5920d20cffd6, Leang Ambe Pacco                  ,119.669778,-4.987444,Same coordinates across datasets
cross_dataset_same_coords,V3+V4,2cd8675e-cf50-42fb-b0da-dba629e2545f,Leang Akkarasa,119.616667,-4.921667,2cd8675e-cf50-42fb-b0da-dba629e2545f, Leang Akkarasa                    ,119.616667,-4.921667,Same coordinates across datasets
cross_dataset_same_coords,V3+V4,02142966-4383-4374-bb68-81a6ff7b6786,Leang Balang,119.645833,-4.990556,02142966-4383-4374-bb68-81a6ff7b6786, Leang Balang                      ,119.645833,-4.990556,Same coordinates across datasets
cross_dataset_same_coords,V3+V4,01bbc32a-7ac9-459f-b770-6207a81d2dba,Leang Barugayya,119.656667,-4.995,01bbc32a-7ac9-459f-b770-6207a81d2dba, Leang Barugayya                   ,119.656667,-4.995,Same coordinates across datasets
cross_dataset_same_coords,V3+V4,afbcbeed-4f95-4b5e-ab37-521ab783ea9b,Leang Barajarang,119.690833,-4.971667,afbcbeed-4f95-4b5e-ab37-521ab783ea9b, Leang Barajarang                  ,119.690833,-4.971667,Same coordinates across datasets
cross_dataset_same_coords,V3+V4,6665480f-88ab-43d8-8c44-ad030494dab1,Leang Batabatae,119.647917,-4.99075,6665480f-88ab-43d8-8c44-ad030494dab1, Leang Batabatae                   ,119.647917,-4.99075,Same coordinates across datasets
cross_dataset_same_coords,V3+V4,1e111169-3499-473a-9d2e-f44e6adf4376,Leang Balimukang,119.658333,-4.999444,1e111169-3499-473a-9d2e-f44e6adf4376, Leang Balimukang                  ,119.658333,-4.999444,Same coordinates across datasets
cross_dataset_same_coords,V3+V4,3b90ae8f-7edf-40f4-b62a-e66336f74b2d,Leang Batu Karope,119.6625,-4.995278,3b90ae8f-7edf-40f4-b62a-e66336f74b2d, Leang Batu Karope                 ,119.6625,-4.995278,Same coordinates across datasets
cross_dataset_same_coords,V3+V4,a2d0894d-aa3f-46ac-b620-b00e02bea376,Leang Bara Tedong,119.685556,-4.980278,a2d0894d-aa3f-46ac-b620-b00e02bea376, Leang Bara Tedong                 ,119.685556,-4.980278,Same coordinates across datasets
cross_dataset_same_coords,V3+V4,61de236b-8487-4d74-bb35-86dd7d0b28bc,Leang Bawię,119.602833,-4.847361,2cc6e9e9-0037-4618-afc9-e7c8d8f2adcd, Gua Bawię                         ,119.602833,-4.847361,Same coordinates across datasets
cross_dataset_same_coords,V3+V4,61de236b-8487-4d74-bb35-86dd7d0b28bc,Leang Bawię,119.602833,-4.847361,61de236b-8487-4d74-bb35-86dd7d0b28bc, Leang Bawię                       ,119.602833,-4.847361,Same coordinates across datasets
cross_dataset_same_coords,V3+V4,662503c4-35dc-4791-b182-28134c378954,Leang Bettue,119.668333,-4.989167,662503c4-35dc-4791-b182-28134c378954, Leang Bettue                      ,119.668333,-4.989167,Same coordinates across datasets
cross_dataset_same_coords,V3+V4,a7f6b1a3-1cae-4e59-8748-9c716be765ed,Leang Bembe,119.653611,-4.999722,a7f6b1a3-1cae-4e59-8748-9c716be765ed, Leang Bembe                       ,119.653611,-4.999722,Same coordinates across datasets
cross_dataset_same_coords,V3+V4,803663d7-cfd4-472e-bad0-9cd044cce691,Leang Boddong,119.642778,-4.994444,803663d7-cfd4-472e-bad0-9cd044cce691, Leang Boddong                     ,119.642778,-4.994444,Same coordinates across datasets
cross_dataset_same_coords,V3+V4,4fd9a232-c764-4baf-a87d-04c51748ac30,Leang Botto,119.639472,-4.951778,4fd9a232-c764-4baf-a87d-04c51748ac30, Leang Botto                       ,119.639472,-4.951778,Same coordinates across datasets
cross_dataset_same_coords,V3+V4,0506729e-0ead-4109-a229-fa23d5bc00e8,"Leang Burung I, II",119.666111,-5.002222,0506729e-0ead-4109-a229-fa23d5bc00e8," Leang Burung I, II                ",119.666111,-5.002222,Same coordinates across datasets
cross_dataset_same_coords,V3+V4,4a93db9f-0208-43e3-bb92-fd714bb2120f,Leang Bulu Kamase,119.657389,-4.959389,4a93db9f-0208-43e3-bb92-fd714bb2120f, Leang Bulu Kamase                 ,119.657389,-4.959389,Same coordinates across datasets
cross_dataset_same_coords,V3+V4,739ae6d5-e626-441a-90ab-8abb4c722993,Leang Tengngae,119.655806,-4.962556,739ae6d5-e626-441a-90ab-8abb4c722993, Leang Tengngae                    ,119.655806,-4.962556,Same coordinates across datasets
cross_dataset_same_coords,V3+V4,739ae6d5-e626-441a-90ab-8abb4c722993,Leang Tengngae,119.655806,-4.962556,cb5d4508-9484-4df5-9d91-1db4430f2659, Leang Tenggae                     ,119.655806,-4.962556,Same coordinates across datasets
cross_dataset_same_coords,V3+V4,265d41fb-6035-4e7e-8ca5-c7f821beb7fe,"Leang Bulu Sipong I, II",119.615833,-4.975833,265d41fb-6035-4e7e-8ca5-c7f821beb7fe," Leang Bulu Sipong I, II           ",119.615833,-4.975833,Same coordinates across datasets
cross_dataset_same_coords,V3+V4,ba0fc6f5-d87c-41d6-bc97-679ec7f2fec7,Leang Bungaeja,119.646667,-4.955,ba0fc6f5-d87c-41d6-bc97-679ec7f2fec7, Leang Bungaeja                    ,119.646667,-4.955,Same coordinates across datasets
cross_dataset_same_coords,V3+V4,36d18e0d-ec9c-4702-8f61-75504d91d66e,Leang Bulubatua,119.64,-4.991667,36d18e0d-ec9c-4702-8f61-75504d91d66e, Leang Bulubatua                   ,119.64,-4.991667,Same coordinates across datasets
cross_dataset_same_coords,V3+V4,b2f2a72f-a7a1-43ac-94a4-6081fc0b77d9,Leang Cabbu,119.643889,-4.998056,b2f2a72f-a7a1-43ac-94a4-6081fc0b77d9, Leang Cabbu                       ,119.643889,-4.998056,Same coordinates across datasets
cross_dataset_same_coords,V3+V4,caad30aa-9bf5-429e-afa2-2967a0c860c3,Leang Canggoreng,119.640278,-4.998056,caad30aa-9bf5-429e-afa2-2967a0c860c3, Leang Canggoreng                  ,119.640278,-4.998056,Same coordinates across datasets
cross_dataset_same_coords,V3+V4,fd463f4b-8999-4307-b505-049e6251ca94,Leang Jarie,119.692778,-5.031111,fd463f4b-8999-4307-b505-049e6251ca94, Leang Jarie                       ,119.692778,-5.031111,Same coordinates across datasets
cross_dataset_same_coords,V3+V4,c28d203e-e05c-409e-9ef7-02bfb6f894a3,Leang Jing,119.649528,-4.990889,c28d203e-e05c-409e-9ef7-02bfb6f894a3, Leang Jing                        ,119.649528,-4.990889,Same coordinates across datasets
cross_dataset_same_coords,V3+V4,7e4ce0c8-5906-4b1c-ae69-85cb90354f61,Leang Karrasa,119.707222,-5.045,7e4ce0c8-5906-4b1c-ae69-85cb90354f61, Leang Karrasa                     ,119.707222,-5.045,Same coordinates across datasets
cross_dataset_same_coords,V3+V4,130edb35-e3e2-4e67-88c3-9ee85c189173,Leang Lambattorang,119.667778,-4.97,130edb35-e3e2-4e67-88c3-9ee85c189173, Leang Lambattorang                ,119.667778,-4.97,Same coordinates across datasets
cross_dataset_same_coords,V3+V4,224d8954-0236-4430-b854-26597dc525e3,Leang Lompoa,119.593056,-4.835556,fd9f9f2a-06ff-49b3-a1aa-379967f80ac6, Gua Lompoa                        ,119.593056,-4.835556,Same coordinates across datasets
cross_dataset_same_coords,V3+V4,224d8954-0236-4430-b854-26597dc525e3,Leang Lompoa,119.593056,-4.835556,224d8954-0236-4430-b854-26597dc525e3, Leang Lompoa                      ,119.593056,-4.835556,Same coordinates across datasets
cross_dataset_same_coords,V3+V4,d9d8ce66-a3e6-41f7-8c68-dad65b7b9013,Leang Mandauseng,119.642667,-4.951278,d9d8ce66-a3e6-41f7-8c68-dad65b7b9013, Leang Mandauseng                  ,119.642667,-4.951278,Same coordinates across datasets
cross_dataset_same_coords,V3+V4,1ae869ea-958c-459f-9949-ac322cd8a773,Leang Paccepacce,119.643167,-4.987333,1ae869ea-958c-459f-9949-ac322cd8a773, Leang Paccepacce                  ,119.643167,-4.987333,Same coordinates across datasets
cross_dataset_same_coords,V3+V4,35fecadc-96ec-4718-81dc-9121e6b93601,Leang Pettae,119.6725,-4.98,35fecadc-96ec-4718-81dc-9121e6b93601, Leang Pettae                      ,119.6725,-4.98,Same coordinates across datasets
cross_dataset_same_coords,V3+V4,8c8afc22-6c5b-4707-aa66-a3b6ac3443b3,Leang Pabbuno Juku,119.700222,-4.961333,8c8afc22-6c5b-4707-aa66-a3b6ac3443b3, Leang Pabbuno Juku                ,119.700222,-4.961333,Same coordinates across datasets
cross_dataset_same_coords,V3+V4,8324b7ad-628c-47b2-9562-e53a9b1efe61,Leang Petta Kere,119.676167,-4.978667,8324b7ad-628c-47b2-9562-e53a9b1efe61, Leang Petta Kere                  ,119.676167,-4.978667,Same coordinates across datasets
cross_dataset_same_coords,V3+V4,0ef41c3e-50a7-4e3e-926a-d42bbdcbe7ff,Leang Pangie,119.663944,-5.000722,0ef41c3e-50a7-4e3e-926a-d42bbdcbe7ff, Leang Pangie                      ,119.663944,-5.000722,Same coordinates across datasets
cross_dataset_same_coords,V3+V4,0d3dfe59-45e5-45fe-87b3-e0d5f58cccab,Leang Pajae,119.673333,-4.986667,0d3dfe59-45e5-45fe-87b3-e0d5f58cccab, Leang Pajae                       ,119.673333,-4.986667,Same coordinates across datasets
cross_dataset_same_coords,V3+V4,27cf4d4f-360c-43b4-9adf-4f3b29c2f978,Leang Pannampu,119.654167,-4.955,27cf4d4f-360c-43b4-9adf-4f3b29c2f978, Leang Pannampu                    ,119.654167,-4.955,Same coordinates across datasets
cross_dataset_same_coords,V3+V4,82baf75e-6a96-46c7-a1f1-89eba0ac10ad,Leang Pellenge,119.686194,-4.970833,82baf75e-6a96-46c7-a1f1-89eba0ac10ad, Leang Pellenge                    ,119.686194,-4.970833,Same coordinates across datasets
cross_dataset_same_coords,V3+V4,f297f02a-8e49-4f9e-bfe6-032fca22069a,Leang Pucu,119.675694,-4.966333,f297f02a-8e49-4f9e-bfe6-032fca22069a, Leang Pucu                        ,119.675694,-4.966333,Same coordinates across datasets
cross_dataset_same_coords,V3+V4,e1bd548d-f51e-422e-a868-a9e772e2a7c2,Leang Sampeang,119.990556,-4.998333,e1bd548d-f51e-422e-a868-a9e772e2a7c2, Leang Sampeang                    ,119.990556,-4.998333,Same coordinates across datasets
cross_dataset_same_coords,V3+V4,1f11e542-224e-49de-bf97-d85f0a9faaa2,Leang Samongkeng I,119.664583,-4.980333,1f11e542-224e-49de-bf97-d85f0a9faaa2, Leang Samongkeng I                ,119.664583,-4.980333,Same coordinates across datasets
cross_dataset_same_coords,V3+V4,f5e6545f-4fb2-44fe-bb87-552e40108b7f,Leang Samongkeng II,119.664278,-4.980667,f5e6545f-4fb2-44fe-bb87-552e40108b7f, Leang Samongkeng II               ,119.664278,-4.980667,Same coordinates across datasets
cross_dataset_same_coords,V3+V4,ab16a91c-7ed9-452f-a797-02f5a594fc81,Leang Samongkeng III,119.662417,-4.980028,ab16a91c-7ed9-452f-a797-02f5a594fc81, Leang Samongkeng III              ,119.662417,-4.980028,Same coordinates across datasets
cross_dataset_same_coords,V3+V4,62e87598-9555-4b06-b237-590acc487ae8,Leang Tampuang,119.742528,-5.035472,62e87598-9555-4b06-b237-590acc487ae8, Leang Tampuang                    ,119.742528,-5.035472,Same coordinates across datasets
cross_dataset_same_coords,V3+V4,daffbe45-f16b-4fba-97f9-adaf4c7d972c,Leang Tanre,119.650222,-4.992778,daffbe45-f16b-4fba-97f9-adaf4c7d972c, Leang Tanre                       ,119.650222,-4.992778,Same coordinates across datasets
cross_dataset_same_coords,V3+V4,b5d00171-f121-44b2-bd53-036ccb323a2b,Leang Timpuseng,119.66,-4.998889,b5d00171-f121-44b2-bd53-036ccb323a2b, Leang Timpuseng                   ,119.66,-4.998889,Same coordinates across datasets
cross_dataset_same_coords,V3+V4,2519f097-9a16-41e9-a772-85bbe205d4ea,Leang Tinggi Ada,119.679306,-4.97825,2519f097-9a16-41e9-a772-85bbe205d4ea, Leang Tinggi Ada                  ,119.679306,-4.97825,Same coordinates across datasets
cross_dataset_same_coords,V3+V4,cb5d4508-9484-4df5-9d91-1db4430f2659,Leang Tenggae,119.655806,-4.962556,739ae6d5-e626-441a-90ab-8abb4c722993, Leang Tengngae                    ,119.655806,-4.962556,Same coordinates across datasets
cross_dataset_same_coords,V3+V4,cb5d4508-9484-4df5-9d91-1db4430f2659,Leang Tenggae,119.655806,-4.962556,cb5d4508-9484-4df5-9d91-1db4430f2659, Leang Tenggae                     ,119.655806,-4.962556,Same coordinates across datasets
cross_dataset_same_coords,V3+V4,dcf89435-4d63-48b4-abe1-b3aa3f81458f,Leang Uluwae,119.673083,-4.984444,dcf89435-4d63-48b4-abe1-b3aa3f81458f, Leang Uluwae                      ,119.673083,-4.984444,Same coordinates across datasets
cross_dataset_same_coords,V3+V4,1f8c60ff-eb56-41e8-a276-b61f5bc1be94,Leang Ulu Leang,119.6675,-4.991389,1f8c60ff-eb56-41e8-a276-b61f5bc1be94, Leang Ulu Leang                   ,119.6675,-4.991389,Same coordinates across datasets
cross_dataset_same_coords,V3+V4,71f31c39-97da-41bc-ac2b-bf116657d7d4,Leang Wanuwae,119.68175,-4.966167,71f31c39-97da-41bc-ac2b-bf116657d7d4, Leang Wanuwae                     ,119.68175,-4.966167,Same coordinates across datasets
cross_dataset_same_coords,V3+V4,47c9701e-eb0d-470b-9b82-0dab02ca4966,Timo'oni Stone Jars Site,120.291,-2.115083,47c9701e-eb0d-470b-9b82-0dab02ca4966, Timo'oni Stone Jars Site          ,120.291,-2.115083,Same coordinates across datasets
cross_dataset_same_coords,V3+V4,3c9d4901-4462-488c-a163-30b0f51bec47,'Moni' Statue Megalithic Site,120.291583,-2.113833,3c9d4901-4462-488c-a163-30b0f51bec47, 'Moni' Statue Megalithic Site     ,120.291583,-2.113833,Same coordinates across datasets
cross_dataset_same_coords,V3+V4,7d7dcaff-f235-4334-ae2c-85940c36ed46,'Anak Moni' Megalithic Statue Site,120.29075,-2.118361,7d7dcaff-f235-4334-ae2c-85940c36ed46, 'Anak Moni' Megalithic Statue Site,120.29075,-2.118361,Same coordinates across datasets
cross_dataset_same_coords,V3+V4,ed34978c-9b34-4508-ad2a-3a1408439a01,Padang Vwal Site,120.279417,-2.100722,ed34978c-9b34-4508-ad2a-3a1408439a01, Padang Vwal Site                  ,120.279417,-2.100722,Same coordinates across datasets
cross_dataset_same_coords,V3+V4,c1f36632-3324-4f63-9b22-2ca78e7431b4,To'ahoa Site,120.304472,-2.130222,c1f36632-3324-4f63-9b22-2ca78e7431b4, To'ahoa Site                      ,120.304472,-2.130222,Same coordinates across datasets
cross_dataset_same_coords,V3+V4,2eb83de8-2d2a-421f-b1a2-abecf8e5f5ec,Padang Pobeloa Site,120.287806,-2.130028,2eb83de8-2d2a-421f-b1a2-abecf8e5f5ec, Padang Pobeloa Site               ,120.287806,-2.130028,Same coordinates across datasets
cross_dataset_same_coords,V3+V4,49b6c0dd-91ad-47ee-a850-9833b251ecbd,Pehaha' Site,120.299028,-2.163056,49b6c0dd-91ad-47ee-a850-9833b251ecbd, Pehaha' Site                      ,120.299028,-2.163056,Same coordinates across datasets
cross_dataset_same_coords,V3+V4,17097d5e-2d3b-4cdc-a8a4-3347a5366bb8,Dodolo 'Lolihi Kontara' Site,120.273778,-2.107944,17097d5e-2d3b-4cdc-a8a4-3347a5366bb8, Dodolo 'Lolihi Kontara' Site      ,120.273778,-2.107944,Same coordinates across datasets
cross_dataset_same_coords,V3+V4,abe0062a-e66e-46cb-a92a-24c017a834cf,Bangko 'Watu Werani' Site,120.210972,-2.1165,abe0062a-e66e-46cb-a92a-24c017a834cf, Bangko 'Watu Werani' Site         ,120.210972,-2.1165,Same coordinates across datasets
cross_dataset_same_coords,V3+V4,5aa3257f-2a70-4f03-8317-9c133a2ce99f,Bangko Stone Jar Site,120.204222,-2.125694,5aa3257f-2a70-4f03-8317-9c133a2ce99f, Bangko Stone Jar Site             ,120.204222,-2.125694,Same coordinates across datasets
cross_dataset_same_coords,V3+V4,c1cc7b2e-571e-4b75-8619-d4e1447183e9,Tedeboe Site,120.293361,-2.15075,c1cc7b2e-571e-4b75-8619-d4e1447183e9, Tedeboe Site                      ,120.293361,-2.15075,Same coordinates across datasets
cross_dataset_same_coords,V3+V4,8ef595c2-7fca-4029-bb47-cdb23ba94826,Pada’ Powoliaha’a Site,120.34345,-2.176414,8ef595c2-7fca-4029-bb47-cdb23ba94826, Pada’ Powoliaha’a Site            ,120.34345,-2.176414,Same coordinates across datasets
cross_dataset_same_coords,V3+V4,7b2bcb42-c3e8-4435-838c-b6bba2eb22c8,Padang (Pada’) Toroah Site,120.582806,-2.344306,7b2bcb42-c3e8-4435-838c-b6bba2eb22c8, Padang (Pada’) Toroah Site        ,120.582806,-2.344306,Same coordinates across datasets
cross_dataset_same_coords,V3+V4,d7e0eace-7bd1-477e-a019-d519d5e0518b,Dudumunir Cave,132.54825,-2.65,d7e0eace-7bd1-477e-a019-d519d5e0518b, Dudumunir Cave                    ,132.54825,-2.65,Same coordinates across datasets
cross_dataset_same_coords,V3+V4,d27cce04-4ad6-4ae0-90aa-73c44f623d88,Matutuo Arguni Site,132.550167,-2.654306,d27cce04-4ad6-4ae0-90aa-73c44f623d88, Matutuo Arguni Site               ,132.550167,-2.654306,Same coordinates across datasets
cross_dataset_same_coords,V3+V4,99778857-a4be-4584-99f2-4c0185112d8c,Mampoga Site,132.562361,-2.655083,99778857-a4be-4584-99f2-4c0185112d8c, Mampoga Site                      ,132.562361,-2.655083,Same coordinates across datasets
cross_dataset_same_coords,V3+V4,011847dd-340e-43c6-97b1-fbc55c184b04,Pintunis Site,132.562917,-2.656806,011847dd-340e-43c6-97b1-fbc55c184b04, Pintunis Site                     ,132.562917,-2.656806,Same coordinates across datasets
cross_dataset_same_coords,V3+V4,b923cc36-705a-43b1-b2fd-a66a92656fbf,Andarewa Cave,132.727917,-2.823444,b923cc36-705a-43b1-b2fd-a66a92656fbf, Andarewa Cave                     ,132.727917,-2.823444,Same coordinates across datasets
cross_dataset_same_coords,V3+V4,af549f60-864b-4baa-aca7-9f6ce046b473,Afofo Site,132.667528,-2.760111,af549f60-864b-4baa-aca7-9f6ce046b473, Afofo Site                        ,132.667528,-2.760111,Same coordinates across datasets
cross_dataset_same_coords,V3+V4,874598b1-7a30-4d76-935c-d3a28d428f91,Kunu'u Site,132.659139,-2.750944,874598b1-7a30-4d76-935c-d3a28d428f91, Kunu'u Site                       ,132.659139,-2.750944,Same coordinates across datasets
cross_dataset_same_coords,V3+V4,479f3b75-a23d-4e6d-8a85-277d50a8a412,Ota Site,132.639583,-2.726056,479f3b75-a23d-4e6d-8a85-277d50a8a412, Ota Site                          ,132.639583,-2.726056,Same coordinates across datasets
cross_dataset_same_coords,V3+V4,78c82062-705d-4b5f-b352-f995f9aba422,Aisosoauwata Site,132.638361,-2.726056,78c82062-705d-4b5f-b352-f995f9aba422, Aisosoauwata Site                 ,132.638361,-2.726056,Same coordinates across datasets
cross_dataset_same_coords,V3+V4,3475533c-5859-4831-a1be-dccce3dc4c3d,Sora'a Site,132.631972,-2.723389,3475533c-5859-4831-a1be-dccce3dc4c3d, Sora'a Site                       ,132.631972,-2.723389,Same coordinates across datasets
cross_dataset_same_coords,V3+V4,572dbd29-8eb5-4a54-b89c-33aa8b66a481,Sosoraweru Cave,132.629972,-2.724083,572dbd29-8eb5-4a54-b89c-33aa8b66a481, Sosoraweru Cave                   ,132.629972,-2.724083,Same coordinates across datasets
cross_dataset_same_coords,V3+V4,27f12f47-832f-415f-9b40-aa6e2197143a,Damir Site,132.619472,-2.714917,27f12f47-832f-415f-9b40-aa6e2197143a, Damir Site                        ,132.619472,-2.714917,Same coordinates across datasets
cross_dataset_same_coords,V3+V4,45648f58-1a6d-48f3-80d4-8782de58b527,Bosu'umata Site,132.586444,-2.692306,45648f58-1a6d-48f3-80d4-8782de58b527, Bosu'umata Site                   ,132.586444,-2.692306,Same coordinates across datasets
cross_dataset_same_coords,V3+V4,0ea2a7a0-6346-4b99-bcc5-d11cd30e8ba7,Wamaraim Site,132.540417,-2.683278,0ea2a7a0-6346-4b99-bcc5-d11cd30e8ba7, Wamaraim Site                     ,132.540417,-2.683278,Same coordinates across datasets
cross_dataset_same_coords,V3+V4,a5274e06-44ab-46ca-91cf-cb51501baed1,Tapuraramo Site,132.496222,-2.66975,a5274e06-44ab-46ca-91cf-cb51501baed1, Tapuraramo Site                   ,132.496222,-2.66975,Same coordinates across datasets
cross_dataset_same_coords,V3+V4,a5274e06-44ab-46ca-91cf-cb51501baed1,Tapuraramo Site,132.496222,-2.66975,9ba805bb-3d13-4657-b921-93d3a415307d, Kokuit Uatmata Site               ,132.496222,-2.66975,Same coordinates across datasets
cross_dataset_same_coords,V3+V4,9ba805bb-3d13-4657-b921-93d3a415307d,Kokuit Uatmata Site,132.496222,-2.66975,a5274e06-44ab-46ca-91cf-cb51501baed1, Tapuraramo Site                   ,132.496222,-2.66975,Same coordinates across datasets
cross_dataset_same_coords,V3+V4,9ba805bb-3d13-4657-b921-93d3a415307d,Kokuit Uatmata Site,132.496222,-2.66975,9ba805bb-3d13-4657-b921-93d3a415307d, Kokuit Uatmata Site               ,132.496222,-2.66975,Same coordinates across datasets
cross_dataset_same_coords,V3+V4,33fac640-2b19-4db9-8ba5-54c383bdc85f,Tanjung Bitsyari Site,133.819501,-3.715711,33fac640-2b19-4db9-8ba5-54c383bdc85f, Tanjung Bitsyari Site             ,133.819501,-3.715711,Same coordinates across datasets
cross_dataset_same_coords,V3+V4,95f3bad2-7291-4957-8a5f-923023c5c118,Tanjung Bitsyari 2 Site,133.824119,-3.702765,95f3bad2-7291-4957-8a5f-923023c5c118, Tanjung Bitsyari 2 Site           ,133.824119,-3.702765,Same coordinates across datasets
cross_dataset_same_coords,V3+V4,1628cf03-693c-413f-adf7-afc9747cce2b,Tanjung Bitsyari 3 Site,133.818179,-3.720982,1628cf03-693c-413f-adf7-afc9747cce2b, Tanjung Bitsyari 3 Site           ,133.818179,-3.720982,Same coordinates across datasets
cross_dataset_same_coords,V3+V4,94eae4d8-3d13-4d08-ae7b-b794c165fb5e,Emok Tum Archaeological Site,140.453367,-4.836067,94eae4d8-3d13-4d08-ae7b-b794c165fb5e, Emok Tum Archaeological Site      ,140.453367,-4.836067,Same coordinates across datasets
cross_dataset_same_coords,V3+V4,94eae4d8-3d13-4d08-ae7b-b794c165fb5e,Emok Tum Archaeological Site,140.453367,-4.836067,ef260956-2d2f-4473-a6e6-3f07ec5cf2ea, Apuk Tum Archaeological Site      ,140.453367,-4.836067,Same coordinates across datasets
cross_dataset_same_coords,V3+V4,ef260956-2d2f-4473-a6e6-3f07ec5cf2ea,Apuk Tum Archaeological Site,140.453367,-4.836067,94eae4d8-3d13-4d08-ae7b-b794c165fb5e, Emok Tum Archaeological Site      ,140.453367,-4.836067,Same coordinates across datasets
cross_dataset_same_coords,V3+V4,ef260956-2d2f-4473-a6e6-3f07ec5cf2ea,Apuk Tum Archaeological Site,140.453367,-4.836067,ef260956-2d2f-4473-a6e6-3f07ec5cf2ea, Apuk Tum Archaeological Site      ,140.453367,-4.836067,Same coordinates across datasets
cross_dataset_same_coords,V3+V4,bc60b8a4-c109-498b-bdc0-7c4faec911ca,Tengnon Buk Archaeological Site,140.467583,-4.834467,bc60b8a4-c109-498b-bdc0-7c4faec911ca, Tengnon Buk Archaeological Site   ,140.467583,-4.834467,Same coordinates across datasets
cross_dataset_same_coords,V3+V4,b0ae00cf-313c-4c1c-a55a-b3d7f002192e,"""Gua Maria""",140.648917,-4.92015,b0ae00cf-313c-4c1c-a55a-b3d7f002192e," """"""Gua Maria""""""                   ",140.648917,-4.92015,Same coordinates across datasets
cross_dataset_same_coords,V3+V4,70ed9a9f-d793-411a-86d1-2d92913ae913,Mimal Katop Archaeological Site,140.63755,-4.920733,70ed9a9f-d793-411a-86d1-2d92913ae913, Mimal Katop Archaeological Site   ,140.63755,-4.920733,Same coordinates across datasets
cross_dataset_same_coords,V3+V4,e6ba0b88-23f0-4759-ae20-1b3c4b4f31c2,Mengdal Buk,140.61895,-4.8949,e6ba0b88-23f0-4759-ae20-1b3c4b4f31c2, Mengdal Buk                       ,140.61895,-4.8949,Same coordinates across datasets
cross_dataset_same_coords,V3+V4,728d35b7-497a-4e23-b6fd-b0d475b84b2b,Batom Buk Archaeological Site,140.544417,-4.876167,728d35b7-497a-4e23-b6fd-b0d475b84b2b, Batom Buk Archaeological Site     ,140.544417,-4.876167,Same coordinates across datasets
cross_dataset_same_coords,V3+V4,7a5226c9-1ce6-4616-81d4-5b079a5a2df8,Set Bip Archaeological Site,140.537117,-4.8751,7a5226c9-1ce6-4616-81d4-5b079a5a2df8, Set Bip Archaeological Site       ,140.537117,-4.8751,Same coordinates across datasets
cross_dataset_same_coords,V3+V4,9480fc88-695e-4e12-83b9-1c41c95f8045,Mer Buk Archaeological Site,140.518617,-4.8705,9480fc88-695e-4e12-83b9-1c41c95f8045, Mer Buk Archaeological Site       ,140.518617,-4.8705,Same coordinates across datasets
cross_dataset_same_coords,V3+V4,04a9f65d-ee61-40e7-ae86-554a5a4f3a89,Tanjung Ucokwa Megalithic Site,140.601972,-2.448944,04a9f65d-ee61-40e7-ae86-554a5a4f3a89, Tanjung Ucokwa Megalithic Site    ,140.601972,-2.448944,Same coordinates across datasets
cross_dataset_same_coords,V3+V4,04a9f65d-ee61-40e7-ae86-554a5a4f3a89,Tanjung Ucokwa Megalithic Site,140.601972,-2.448944,fa4bb914-a226-40aa-bc1e-260d5b3a78fe, Yasodia Site                      ,140.601972,-2.448944,Same coordinates across datasets
cross_dataset_same_coords,V3+V4,7d2b0b74-3077-4afa-9a13-2f354023def2,Ormu Negeibe Stone Chair,140.559889,-2.448583,7d2b0b74-3077-4afa-9a13-2f354023def2, Ormu Negeibe Stone Chair          ,140.559889,-2.448583,Same coordinates across datasets
cross_dataset_same_coords,V3+V4,7d2b0b74-3077-4afa-9a13-2f354023def2,Ormu Negeibe Stone Chair,140.559889,-2.448583,8aa4aa94-bf2c-4086-9a25-549c2b0a34d8, Yarkwaco Site                     ,140.559889,-2.448583,Same coordinates across datasets
cross_dataset_same_coords,V3+V4,8aa4aa94-bf2c-4086-9a25-549c2b0a34d8,Yarkwaco Site,140.559889,-2.448583,7d2b0b74-3077-4afa-9a13-2f354023def2, Ormu Negeibe Stone Chair          ,140.559889,-2.448583,Same coordinates across datasets
cross_dataset_same_coords,V3+V4,8aa4aa94-bf2c-4086-9a25-549c2b0a34d8,Yarkwaco Site,140.559889,-2.448583,8aa4aa94-bf2c-4086-9a25-549c2b0a34d8, Yarkwaco Site                     ,140.559889,-2.448583,Same coordinates across datasets
cross_dataset_same_coords,V3+V4,bdafeac8-58aa-4ce0-919a-ede823cc0c9c,Wanyamdara Site,140.551222,-2.453528,bdafeac8-58aa-4ce0-919a-ede823cc0c9c, Wanyamdara Site                   ,140.551222,-2.453528,Same coordinates across datasets
cross_dataset_same_coords,V3+V4,60dd154f-1c16-496f-9fb0-272721ffccef,Peunoudia Site,140.411,-2.412194,60dd154f-1c16-496f-9fb0-272721ffccef, Peunoudia Site                    ,140.411,-2.412194,Same coordinates across datasets
cross_dataset_same_coords,V3+V4,60dd154f-1c16-496f-9fb0-272721ffccef,Peunoudia Site,140.411,-2.412194,addaeb9b-445b-4047-8229-0ffd4fc237d7, Peunoudia Site                    ,140.411,-2.412194,Same coordinates across datasets
cross_dataset_same_coords,V3+V4,addaeb9b-445b-4047-8229-0ffd4fc237d7,Peunoudia Site,140.411,-2.412194,60dd154f-1c16-496f-9fb0-272721ffccef, Peunoudia Site                    ,140.411,-2.412194,Same coordinates across datasets
cross_dataset_same_coords,V3+V4,addaeb9b-445b-4047-8229-0ffd4fc237d7,Peunoudia Site,140.411,-2.412194,addaeb9b-445b-4047-8229-0ffd4fc237d7, Peunoudia Site                    ,140.411,-2.412194,Same coordinates across datasets
cross_dataset_same_coords,V3+V4,fa4bb914-a226-40aa-bc1e-260d5b3a78fe,Yasodia Site,140.601972,-2.448944,04a9f65d-ee61-40e7-ae86-554a5a4f3a89, Tanjung Ucokwa Megalithic Site    ,140.601972,-2.448944,Same coordinates across datasets
cross_dataset_same_coords,V3+V4,fa4bb914-a226-40aa-bc1e-260d5b3a78fe,Yasodia Site,140.601972,-2.448944,fa4bb914-a226-40aa-bc1e-260d5b3a78fe, Yasodia Site                      ,140.601972,-2.448944,Same coordinates across datasets
cross_dataset_same_coords,V3+V4,de65bde6-e140-441f-b220-3daeeb117661,Meukisi Oru Dia Site,140.268111,-2.421667,de65bde6-e140-441f-b220-3daeeb117661, Meukisi Oru Dia Site              ,140.268111,-2.421667,Same coordinates across datasets
cross_dataset_same_coords,V3+V4,5d64c020-434f-4315-ac19-56b3ffb68094,Endokisi Oru Dia Site,140.294139,-2.435917,5d64c020-434f-4315-ac19-56b3ffb68094, Endokisi Oru Dia Site             ,140.294139,-2.435917,Same coordinates across datasets
cross_dataset_same_coords,V3+V4,9177704c-b777-4a9a-9838-91180e34e268,Senamai Oru Dia Site,140.314861,-2.445306,9177704c-b777-4a9a-9838-91180e34e268, Senamai Oru Dia Site              ,140.314861,-2.445306,Same coordinates across datasets
cross_dataset_same_coords,V3+V4,40b54412-fcee-4fe6-8f41-a089e238aee2,Buseryo-Soroyena Oru Dia Site,140.317583,-2.44925,40b54412-fcee-4fe6-8f41-a089e238aee2, Buseryo-Soroyena Oru Dia Site     ,140.317583,-2.44925,Same coordinates across datasets
cross_dataset_same_coords,V3+V4,71dc7b71-5bb5-439e-916c-8d162c7753b9,Yapumara Batu Somda Site,140.153472,-2.340056,71dc7b71-5bb5-439e-916c-8d162c7753b9, Yapumara Batu Somda Site          ,140.153472,-2.340056,Same coordinates across datasets
cross_dataset_same_coords,V3+V4,41a655f0-85c7-4467-b6ec-74c202f1acb0,Ambora Site,140.140722,-2.351694,41a655f0-85c7-4467-b6ec-74c202f1acb0, Ambora Site                       ,140.140722,-2.351694,Same coordinates across datasets
cross_dataset_same_coords,V3+V4,befc746c-1979-48ff-82b4-ea3b7c56f562,Kafiailololu Rock Art Site,130.4687,-1.97575,befc746c-1979-48ff-82b4-ea3b7c56f562, Kafiailololu Rock Art Site        ,130.4687,-1.97575,Same coordinates across datasets
cross_dataset_same_coords,V3+V4,925178e9-58c5-47a8-8de0-afea585290f0,Muslim Cave Rock Art,130.465869,-1.969889,925178e9-58c5-47a8-8de0-afea585290f0, Muslim Cave Rock Art              ,130.465869,-1.969889,Same coordinates across datasets
cross_dataset_same_coords,V3+V4,c209a92e-d755-424b-9e42-98df6b38d1a2,Tebing Sunmalelen Rock Art,130.458161,-1.964989,c209a92e-d755-424b-9e42-98df6b38d1a2, Tebing Sunmalelen Rock Art        ,130.458161,-1.964989,Same coordinates across datasets
cross_dataset_same_coords,V3+V4,6a40fcdc-8256-4e07-8255-5b0fc9522595,Tebing Lumba-Lumba Rock Art,130.459519,-1.963417,6a40fcdc-8256-4e07-8255-5b0fc9522595, Tebing Lumba-Lumba Rock Art       ,130.459519,-1.963417,Same coordinates across datasets
cross_dataset_same_coords,V3+V4,52b1a15e-e64d-43ca-8d1a-10334137c19d,Isisuk Rock Art Site,140.983833,-3.067139,52b1a15e-e64d-43ca-8d1a-10334137c19d, Isisuk Rock Art Site              ,140.983833,-3.067139,Same coordinates across datasets
cross_dataset_same_coords,V3+V4,85803721-f582-4e54-8f60-1270fea8e342,Erfe Hora Cave,140.924278,-3.582167,85803721-f582-4e54-8f60-1270fea8e342, Erfe Hora Cave                    ,140.924278,-3.582167,Same coordinates across datasets
cross_dataset_same_coords,V3+V4,0e69c649-8207-403a-afe9-1bc095b13c21,Yakumbru Cave,140.926944,-3.580111,0e69c649-8207-403a-afe9-1bc095b13c21, Yakumbru Cave                     ,140.926944,-3.580111,Same coordinates across datasets
cross_dataset_same_coords,V3+V4,3f8facd0-45ff-43fb-8135-c928930e8eea,Yahoto Cave,140.931583,-3.578917,3f8facd0-45ff-43fb-8135-c928930e8eea, Yahoto Cave                       ,140.931583,-3.578917,Same coordinates across datasets
cross_dataset_same_coords,V3+V4,7a7ae760-6cd4-430d-9749-5d6472f10dc7,Tutari Megalithic Site,140.455064,-2.56799,7a7ae760-6cd4-430d-9749-5d6472f10dc7, Tutari Megalithic Site            ,140.455064,-2.56799,Same coordinates across datasets
cross_dataset_same_coords,V3+V4,25cf53a6-98fa-4502-b514-3f29b9ba8ef9,Mesiu Cave,102.424479,-2.652846,25cf53a6-98fa-4502-b514-3f29b9ba8ef9, Mesiu Cave                        ,102.424479,-2.652846,Same coordinates across datasets
cross_dataset_same_coords,V3+V4,ad3ee8a2-a1dc-47ca-9d4a-7bf16330d262,Silabe 1 Cave,103.932069,-4.067222,ad3ee8a2-a1dc-47ca-9d4a-7bf16330d262, Silabe 1 Cave                     ,103.932069,-4.067222,Same coordinates across datasets
cross_dataset_same_coords,V3+V4,3db84056-85b2-4ba2-8beb-aa86f1ee3172,Harimau Cave,103.931111,-4.074028,3db84056-85b2-4ba2-8beb-aa86f1ee3172, Harimau Cave                      ,103.931111,-4.074028,Same coordinates across datasets
cross_dataset_same_coords,V3+V4,af27d85c-2d64-4893-95c3-a7c890cbd321,Sungai Lului Cave,102.447708,-2.658463,af27d85c-2d64-4893-95c3-a7c890cbd321, Sungai Lului Cave                 ,102.447708,-2.658463,Same coordinates across datasets
cross_dataset_same_coords,V3+V4,6082bd08-4ecf-465b-8004-b36ef60f54ea,Kerbau 1 Cave,102.443399,-2.653594,6082bd08-4ecf-465b-8004-b36ef60f54ea, Kerbau 1 Cave                     ,102.443399,-2.653594,Same coordinates across datasets
cross_dataset_same_coords,V3+V4,e894635b-66d5-48ff-9a7e-cc2f1113acda,Kandang Kerbau 3 Cave,102.433556,-2.658874,e894635b-66d5-48ff-9a7e-cc2f1113acda, Kandang Kerbau 3 Cave             ,102.433556,-2.658874,Same coordinates across datasets
cross_dataset_same_coords,V3+V4,7dde7504-4916-405c-9f08-33abfdd127ad,Lumut Cave,102.434028,-2.658722,7dde7504-4916-405c-9f08-33abfdd127ad, Lumut Cave                        ,102.434028,-2.658722,Same coordinates across datasets
cross_dataset_same_coords,V3+V4,d4462480-e531-4ae0-ac36-a7f96617f681,Aur Duri Cave,102.434177,-2.657245,d4462480-e531-4ae0-ac36-a7f96617f681, Aur Duri Cave                     ,102.434177,-2.657245,Same coordinates across datasets
cross_dataset_same_coords,V3+V4,5172af79-6d31-4948-bb86-4dce8e6d2c77,Kasai Cave,102.433147,-2.655113,5172af79-6d31-4948-bb86-4dce8e6d2c77, Kasai Cave                        ,102.433147,-2.655113,Same coordinates across datasets
cross_dataset_same_coords,V3+V4,1ca146e0-1ead-47d1-bd3b-62d6daab716d,Pondok Batu Rockshelter,102.430556,-2.654042,1ca146e0-1ead-47d1-bd3b-62d6daab716d, Pondok Batu Rockshelter           ,102.430556,-2.654042,Same coordinates across datasets
cross_dataset_same_coords,V3+V4,30d13a27-adba-495e-a395-52e2ec613d7f,Metanduno Cave,122.659361,-4.898472,b629c976-0f2b-4dc9-b6d2-27dbdbaa72dc, Ida Malangi Rockshelter           ,122.659361,-4.898472,Same coordinates across datasets
cross_dataset_same_coords,V3+V4,b629c976-0f2b-4dc9-b6d2-27dbdbaa72dc,Ida Malangi Rockshelter,122.659361,-4.898472,b629c976-0f2b-4dc9-b6d2-27dbdbaa72dc, Ida Malangi Rockshelter           ,122.659361,-4.898472,Same coordinates across datasets
cross_dataset_same_coords,V3+V4,51cee842-9245-4780-b5a6-d4cf53530a17,Kabori Cave,122.659472,-4.898694,51cee842-9245-4780-b5a6-d4cf53530a17, Kabori Cave                       ,122.659472,-4.898694,Same coordinates across datasets
cross_dataset_same_coords,V3+V4,11cfb1eb-5f8d-42ed-aeb8-5b59af7b9fa3,Sugi Patani Rockshelter,122.668361,-4.908333,11cfb1eb-5f8d-42ed-aeb8-5b59af7b9fa3, Sugi Patani Rockshelter           ,122.668361,-4.908333,Same coordinates across datasets
cross_dataset_same_coords,V3+V4,c88605e4-618f-478b-a948-19a9d0864a61,Lakan Taghu Rockshelter,122.670167,-4.909972,c88605e4-618f-478b-a948-19a9d0864a61, Lakan Taghu Rockshelter           ,122.670167,-4.909972,Same coordinates across datasets
cross_dataset_same_coords,V3+V4,1e8ecf47-7f7d-41fd-bb34-f4743bdbfeb9,Pominsa Cave,122.670528,-4.910556,1e8ecf47-7f7d-41fd-bb34-f4743bdbfeb9, Pominsa Cave                      ,122.670528,-4.910556,Same coordinates across datasets
cross_dataset_same_coords,V3+V4,fec0913d-af48-44bc-a932-0d5b01b29b07,La Kolumbu Cave,122.665889,-4.89725,fec0913d-af48-44bc-a932-0d5b01b29b07, La Kolumbu Cave                   ,122.665889,-4.89725,Same coordinates across datasets
cross_dataset_same_coords,V3+V4,5f4571cc-66e2-42b8-aa52-425c9e8ead8c,Toko Cave,122.672167,-4.89325,5f4571cc-66e2-42b8-aa52-425c9e8ead8c, Toko Cave                         ,122.672167,-4.89325,Same coordinates across datasets
cross_dataset_same_coords,V3+V4,6b38de05-9465-4ca6-bdd3-cd87efc6f180,La Podo Rockshelter,122.668369,-4.908903,6b38de05-9465-4ca6-bdd3-cd87efc6f180, La Podo Rockshelter               ,122.668369,-4.908903,Same coordinates across datasets
cross_dataset_same_coords,V3+V4,1164acfb-bbe0-4ee0-8c95-590dc1277529,La Nsarofa 1 Rockshelter,122.665611,-4.89725,1164acfb-bbe0-4ee0-8c95-590dc1277529, La Nsarofa 1 Rockshelter          ,122.665611,-4.89725,Same coordinates across datasets
cross_dataset_same_coords,V3+V4,acdaa1e0-3aaf-4091-9782-5f3e16d4da52,La Nsarofa 2 Rockshelter,122.665528,-4.896361,acdaa1e0-3aaf-4091-9782-5f3e16d4da52, La Nsarofa 2 Rockshelter          ,122.665528,-4.896361,Same coordinates across datasets
cross_dataset_same_coords,V3+V4,70c6a1c8-2d53-4e2e-b42c-96530c1a1495,Pinda Rockshelter,122.660667,-4.911222,70c6a1c8-2d53-4e2e-b42c-96530c1a1495, Pinda Rockshelter                 ,122.660667,-4.911222,Same coordinates across datasets
cross_dataset_same_coords,V3+V4,039d562a-1e25-447f-96a0-0e5458b75714,La Sabo A / B Rockshelter,122.6765,-4.882556,039d562a-1e25-447f-96a0-0e5458b75714, La Sabo A / B Rockshelter         ,122.6765,-4.882556,Same coordinates across datasets
cross_dataset_same_coords,V3+V4,bd75f996-4106-4e23-80d6-73ad5ab9f5a3,Tangga Ara Rockshelter,122.667444,-4.886028,bd75f996-4106-4e23-80d6-73ad5ab9f5a3, Tangga Ara Rockshelter            ,122.667444,-4.886028,Same coordinates across datasets
cross_dataset_same_coords,V3+V4,45b43c04-487e-43ff-9bcd-2646d30ffbde,Wa Bose Cave,122.6735,-4.893722,45b43c04-487e-43ff-9bcd-2646d30ffbde, Wa Bose Cave                      ,122.6735,-4.893722,Same coordinates across datasets
cross_dataset_same_coords,V3+V4,500abc7e-88c5-44a9-bdca-8dc7bbe5632a,Kaghofine Rock Art Site,122.673083,-4.91477,500abc7e-88c5-44a9-bdca-8dc7bbe5632a, Kaghofine Rock Art Site           ,122.673083,-4.91477,Same coordinates across datasets
cross_dataset_same_coords,V3+V4,bccec835-f76a-4578-a5a4-d73231cf9d15,Foo Rock Art Site,122.667646,-4.911312,bccec835-f76a-4578-a5a4-d73231cf9d15, Foo Rock Art Site                 ,122.667646,-4.911312,Same coordinates across datasets
cross_dataset_same_coords,V3+V4,a1ebbec6-93ea-4900-b2ef-ec844ece695d,Kumbohu Rock Art Site,122.66349,-4.907058,a1ebbec6-93ea-4900-b2ef-ec844ece695d, Kumbohu Rock Art Site             ,122.66349,-4.907058,Same coordinates across datasets
cross_dataset_same_coords,V3+V4,f3fcd158-7324-4a3d-bd2c-03c6780309b9,Wakuntai Rock Art Site,122.672694,-4.89959,f3fcd158-7324-4a3d-bd2c-03c6780309b9, Wakuntai Rock Art Site            ,122.672694,-4.89959,Same coordinates across datasets
cross_dataset_same_coords,V3+V4,b9efb2f9-66dd-40f1-9f14-22bf2d1f1e1b,Laporomi Rock Art Site,122.67293,-4.895673,b9efb2f9-66dd-40f1-9f14-22bf2d1f1e1b, Laporomi Rock Art Site            ,122.67293,-4.895673,Same coordinates across datasets
cross_dataset_same_coords,V3+V4,12cbfa73-9ce0-4cbd-9b85-68ba065a850c,Lakubha Rock Art Site,122.667153,-4.887492,12cbfa73-9ce0-4cbd-9b85-68ba065a850c, Lakubha Rock Art Site             ,122.667153,-4.887492,Same coordinates across datasets
cross_dataset_same_coords,V3+V4,039b23ba-fe3a-49d9-895d-725ff79781ff,Wabeau Rock Art Site,122.665197,-4.883547,039b23ba-fe3a-49d9-895d-725ff79781ff, Wabeau Rock Art Site              ,122.665197,-4.883547,Same coordinates across datasets
cross_dataset_same_coords,V3+V4,43def9d5-a49b-4639-8b23-eb2b6f7eba49,Melabuno Rock Art Site,122.657524,-4.915296,43def9d5-a49b-4639-8b23-eb2b6f7eba49, Melabuno Rock Art Site            ,122.657524,-4.915296,Same coordinates across datasets
cross_dataset_same_coords,V3+V4,829f80e6-6a4e-4e7a-a1a1-829d6c9b6cce,Maarewu Rock Art Site,122.657246,-4.912175,829f80e6-6a4e-4e7a-a1a1-829d6c9b6cce, Maarewu Rock Art Site             ,122.657246,-4.912175,Same coordinates across datasets
cross_dataset_same_coords,V3+V4,926e4b9a-2bcf-4210-aab9-ede66807815e,Wakekei Rock Art Site,122.665893,-4.899795,926e4b9a-2bcf-4210-aab9-ede66807815e, Wakekei Rock Art Site             ,122.665893,-4.899795,Same coordinates across datasets
cross_dataset_same_coords,V3+V4,f07495ba-5df2-47f2-ae00-1c3ff885d385,Febunia Pando Rock Art Site,122.665497,-4.897687,f07495ba-5df2-47f2-ae00-1c3ff885d385, Febunia Pando Rock Art Site       ,122.665497,-4.897687,Same coordinates across datasets
cross_dataset_same_coords,V3+V4,e11a13f1-6502-4088-8090-b414cc2dbb0d,Kanulemba Rock Art Site,122.681905,-4.875621,e11a13f1-6502-4088-8090-b414cc2dbb0d, Kanulemba Rock Art Site           ,122.681905,-4.875621,Same coordinates across datasets
cross_dataset_same_coords,V3+V4,80b13e1f-888b-46fa-be74-79631ebe1fb5,Waano Rock Art Site,122.64767,-4.890368,80b13e1f-888b-46fa-be74-79631ebe1fb5, Waano Rock Art Site               ,122.64767,-4.890368,Same coordinates across datasets
cross_dataset_same_coords,V3+V4,c32eb0a8-272f-474e-a67a-6e9b83b4d806,Wakotubi Rock Art Site,122.643358,-4.891732,c32eb0a8-272f-474e-a67a-6e9b83b4d806, Wakotubi Rock Art Site            ,122.643358,-4.891732,Same coordinates across datasets
cross_dataset_same_coords,V3+V4,c5907c73-df86-4799-b9a6-38eab4362225,Kalibu Rock Art Site,122.660336,-4.884377,c5907c73-df86-4799-b9a6-38eab4362225, Kalibu Rock Art Site              ,122.660336,-4.884377,Same coordinates across datasets
cross_dataset_same_coords,V3+V4,3eab8155-c2cf-4fc6-b82c-04e62f599425,Ladhaniha Rock Art Site,122.659737,-4.892156,3eab8155-c2cf-4fc6-b82c-04e62f599425, Ladhaniha Rock Art Site           ,122.659737,-4.892156,Same coordinates across datasets
cross_dataset_same_coords,V3+V4,f7daa309-eb11-4a7a-8b54-7968cc56713c,Makampilo Rock Art Site,122.656343,-4.896081,f7daa309-eb11-4a7a-8b54-7968cc56713c, Makampilo Rock Art Site           ,122.656343,-4.896081,Same coordinates across datasets
cross_dataset_same_coords,V3+V4,73991dd5-7ea8-45a7-9a89-9f4d83792742,Lonsobalano Rock Art Site,122.670063,-4.892876,73991dd5-7ea8-45a7-9a89-9f4d83792742, Lonsobalano Rock Art Site         ,122.670063,-4.892876,Same coordinates across datasets
cross_dataset_same_coords,V3+V4,768703ff-f92f-497b-a34b-e143f3d17c91,Andomo Cave,121.317472,-2.629389,768703ff-f92f-497b-a34b-e143f3d17c91, Andomo Cave                       ,121.317472,-2.629389,Same coordinates across datasets
cross_dataset_same_coords,V3+V4,fd80b360-5419-41da-8985-a0766cf0fa9c,Lampetia Cave,121.614722,-2.931028,fd80b360-5419-41da-8985-a0766cf0fa9c, Lampetia Cave                     ,121.614722,-2.931028,Same coordinates across datasets
cross_dataset_same_coords,V3+V4,8c97ec78-3410-49b1-b3c1-18c6e39cf419,Moko Cave,122.571427,-5.527634,8c97ec78-3410-49b1-b3c1-18c6e39cf419, Moko Cave                         ,122.571427,-5.527634,Same coordinates across datasets
cross_dataset_same_coords,V3+V4,22528664-a1f9-494c-9166-5b6744ec3550,Het Sor Sorot Rock Art Site,127.2155,-8.102722,22528664-a1f9-494c-9166-5b6744ec3550, Het Sor Sorot Rock Art Site       ,127.2155,-8.102722,Same coordinates across datasets
cross_dataset_same_coords,V3+V4,1b98c986-31f0-4a10-be1c-80ffb3772725,Herku Rock Art Site,127.211806,-8.059778,1b98c986-31f0-4a10-be1c-80ffb3772725, Herku Rock Art Site               ,127.211806,-8.059778,Same coordinates across datasets
cross_dataset_same_coords,V3+V4,80a3227f-ec4e-4fa7-be2d-439e3fd08dba,Intutun Rock Art Site,127.14775,-8.095194,80a3227f-ec4e-4fa7-be2d-439e3fd08dba, Intutun Rock Art Site             ,127.14775,-8.095194,Same coordinates across datasets
cross_dataset_same_coords,V3+V4,cee340c2-a8c2-4641-b6a0-254a1794861f,Irmula Rock Art Site,127.227722,-8.097944,cee340c2-a8c2-4641-b6a0-254a1794861f, Irmula Rock Art Site              ,127.227722,-8.097944,Same coordinates across datasets
cross_dataset_same_coords,V3+V4,a03cd3ab-8eb8-4c44-88dd-a7c7bb59ac8e,Kulwasuru Rock Art Site,127.206444,-8.105444,a03cd3ab-8eb8-4c44-88dd-a7c7bb59ac8e, Kulwasuru Rock Art Site           ,127.206444,-8.105444,Same coordinates across datasets
cross_dataset_same_coords,V3+V4,b69c76a2-7779-43a6-8e8a-65ecc59b5e13,Lenhorhorok Rock Art Site,127.139722,-8.035556,b69c76a2-7779-43a6-8e8a-65ecc59b5e13, Lenhorhorok Rock Art Site         ,127.139722,-8.035556,Same coordinates across datasets
cross_dataset_same_coords,V3+V4,38c43d8b-5238-494f-b379-725d71eae2b2,Liotitin Rock Art Site,127.207611,-8.105333,38c43d8b-5238-494f-b379-725d71eae2b2, Liotitin Rock Art Site            ,127.207611,-8.105333,Same coordinates across datasets
cross_dataset_same_coords,V3+V4,39cd79d7-0f0f-4d39-a409-4802134afc0e,Salpuru Rock Art Site,127.212111,-8.063222,39cd79d7-0f0f-4d39-a409-4802134afc0e, Salpuru Rock Art Site             ,127.212111,-8.063222,Same coordinates across datasets
cross_dataset_same_coords,V3+V4,7f87d279-b916-42fe-bf07-3c1babf82a9b,Wakurai Rock Art Site,127.148722,-8.100389,7f87d279-b916-42fe-bf07-3c1babf82a9b, Wakurai Rock Art Site             ,127.148722,-8.100389,Same coordinates across datasets
cross_dataset_same_coords,V3+V4,c2bcbb71-e267-4804-842f-40f7c9094c0f,Kel Lein Rock Art Site,132.017139,-5.163694,c2bcbb71-e267-4804-842f-40f7c9094c0f, Kel Lein Rock Art Site            ,132.017139,-5.163694,Same coordinates across datasets
cross_dataset_same_coords,V3+V4,4fe92f52-6619-43c4-9f7c-ec52fd1c561b,Watu Sika Rock Art Site,130.937317,-3.866433,4fe92f52-6619-43c4-9f7c-ec52fd1c561b, Watu Sika Rock Art Site           ,130.937317,-3.866433,Same coordinates across datasets
cross_dataset_same_coords,V3+V4,50b91af9-c358-4326-aef6-3ffd485ece01,Luvat Cave Rock Art,132.680311,-5.619104,50b91af9-c358-4326-aef6-3ffd485ece01, Luvat Cave Rock Art               ,132.680311,-5.619104,Same coordinates across datasets
cross_dataset_same_coords,V3+V4,30a71bf2-c358-4127-def6-3ffd485ece01,Tanjung Bintang Rock Art,127.924601,-2.92675,30a71bf2-c358-4127-def6-3ffd485ece01, Tanjung Bintang Rock Art          ,127.924601,-2.92675,Same coordinates across datasets
cross_dataset_same_coords,V3+V4,97e61c7d-2c4d-406f-9dad-61d48d936a64,Tron Bon Lei Rockshelters,124.567936,-8.434308,97e61c7d-2c4d-406f-9dad-61d48d936a64, Tron Bon Lei Rockshelters         ,124.567936,-8.434308,Same coordinates across datasets
cross_dataset_same_coords,V3+V4,97e61c7d-2c4d-406f-9dad-61d48d936a64,Tron Bon Lei Rockshelters,124.567936,-8.434308,e665cec5-3f13-40e1-8be9-23697dcc1ea0, Ba Lei Rockshelter                ,124.567936,-8.434308,Same coordinates across datasets
cross_dataset_same_coords,V3+V4,e665cec5-3f13-40e1-8be9-23697dcc1ea0,Ba Lei Rockshelter,124.567936,-8.434308,97e61c7d-2c4d-406f-9dad-61d48d936a64, Tron Bon Lei Rockshelters         ,124.567936,-8.434308,Same coordinates across datasets
cross_dataset_same_coords,V3+V4,e665cec5-3f13-40e1-8be9-23697dcc1ea0,Ba Lei Rockshelter,124.567936,-8.434308,e665cec5-3f13-40e1-8be9-23697dcc1ea0, Ba Lei Rockshelter                ,124.567936,-8.434308,Same coordinates across datasets
cross_dataset_same_coords,V3+V4,f757d408-d97e-45af-9ef2-f4877aa8711d,Kobatuwa Site,121.0879,-8.68851,f757d408-d97e-45af-9ef2-f4877aa8711d, Kobatuwa Site                     ,121.0879,-8.68851,Same coordinates across datasets
cross_dataset_same_coords,V3+V4,451732be-9d10-4140-a77e-552359536012,Wolo Milo Site,121.14083,-8.68271,451732be-9d10-4140-a77e-552359536012, Wolo Milo Site                    ,121.14083,-8.68271,Same coordinates across datasets
cross_dataset_same_coords,V3+V4,82611945-d6bf-458f-bf30-35866bfbf2a2,Mata Menge Site,121.09563,-8.69266,82611945-d6bf-458f-bf30-35866bfbf2a2, Mata Menge Site                   ,121.09563,-8.69266,Same coordinates across datasets
cross_dataset_same_coords,V3+V4,9ed72e58-cff7-4e09-b783-2649f3567775,Wolokeo Site,121.14972,-8.70926,9ed72e58-cff7-4e09-b783-2649f3567775, Wolokeo Site                      ,121.14972,-8.70926,Same coordinates across datasets
cross_dataset_same_coords,V3+V4,b41df4e0-5e5f-4214-af4d-58520bcd9171,Boa Lesa Site,121.1005,-8.69605,b41df4e0-5e5f-4214-af4d-58520bcd9171, Boa Lesa Site                     ,121.1005,-8.69605,Same coordinates across datasets
cross_dataset_same_coords,V3+V4,0c3cdbde-1f67-4dff-ae8d-59e6fbe0a50f,Pauphadhi Site,121.16841,-8.6875,0c3cdbde-1f67-4dff-ae8d-59e6fbe0a50f, Pauphadhi Site                    ,121.16841,-8.6875,Same coordinates across datasets
cross_dataset_same_coords,V3+V4,8f5527f6-b48e-4bcb-9aba-1dcb9af71d07,Kopowatu Site,121.15933,-8.69465,8f5527f6-b48e-4bcb-9aba-1dcb9af71d07, Kopowatu Site                     ,121.15933,-8.69465,Same coordinates across datasets
cross_dataset_same_coords,V3+V4,60194fa1-c22f-4607-8172-267dbdfb3ef1,Ngamapa Site,121.15625,-8.69169,60194fa1-c22f-4607-8172-267dbdfb3ef1, Ngamapa Site                      ,121.15625,-8.69169,Same coordinates across datasets
cross_dataset_same_coords,V3+V4,e922e4aa-ac29-4f49-97c8-154e50bba2b9,Nali Site,123.494296,-8.243141,e922e4aa-ac29-4f49-97c8-154e50bba2b9, Nali Site                         ,123.494296,-8.243141,Same coordinates across datasets
cross_dataset_same_coords,V3+V4,a5a7829d-4f6d-46e2-ba7a-2bc2808e0815,Tene Kero Site,123.711678,-8.242357,a5a7829d-4f6d-46e2-ba7a-2bc2808e0815, Tene Kero Site                    ,123.711678,-8.242357,Same coordinates across datasets
cross_dataset_same_coords,V3+V4,9a8f0057-3ad7-47b7-9630-ccd449a72b34,Liang Jon Rockshelter,117.273444,1.064639,9a8f0057-3ad7-47b7-9630-ccd449a72b34, Liang Jon Rockshelter             ,117.273444,1.064639,Same coordinates across datasets
cross_dataset_same_coords,V3+V4,9ef28e3a-e5b3-4024-861f-f8a98ef2269c,Liang Abu Rockshelter,117.287861,1.468306,9ef28e3a-e5b3-4024-861f-f8a98ef2269c, Liang Abu Rockshelter             ,117.287861,1.468306,Same coordinates across datasets
cross_dataset_same_coords,V3+V4,7cab475e-5f13-4908-a8ed-0b7c5b3efa1f,Liang Pemalawan Rockshelter,117.304353,1.534956,7cab475e-5f13-4908-a8ed-0b7c5b3efa1f, Liang Pemalawan Rockshelter       ,117.304353,1.534956,Same coordinates across datasets
cross_dataset_same_coords,V3+V4,9b3243d8-8698-4201-8e92-bcbbe02b7283,Liang Karim,117.25858,1.0219808,9b3243d8-8698-4201-8e92-bcbbe02b7283, Liang Karim                       ,117.25858,1.0219808,Same coordinates across datasets
cross_dataset_same_coords,V3+V4,1f878629-e6e7-479b-9776-71c490ee966d,Minanga Sipakko Site,119.460889,-2.460278,1f878629-e6e7-479b-9776-71c490ee966d, Minanga Sipakko Site              ,119.460889,-2.460278,Same coordinates across datasets
cross_dataset_same_coords,V3+V4,093ae0e9-7d34-4b3b-b9cb-8f547153b722,Sikendeng Site,119.155528,-2.298972,093ae0e9-7d34-4b3b-b9cb-8f547153b722, Sikendeng Site                    ,119.155528,-2.298972,Same coordinates across datasets
cross_dataset_same_coords,V3+V4,f60a1789-a98b-47cc-b733-7c681b98bc00,Gunung Piring Site,116.364189,-8.891519,f60a1789-a98b-47cc-b733-7c681b98bc00, Gunung Piring Site                ,116.364189,-8.891519,Same coordinates across datasets
