SITE_SOURCE_ID;SITE_NAME;LOCALISATION;GEONAME_ID;PROJECTION_SYSTEM;LONGITUDE;LATITUDE;ALTITUDE;CITY_CENTROID;STATE_OF_KNOWLEDGE;OCCUPATION;STARTING_PERIOD;ENDING_PERIOD;MAIN_CHARAC;CHARAC_LVL1;CHARAC_LVL2;CHARAC_LVL3;CHARAC_LVL4;CHARAC_EXP;BIBLIOGRAPHY;COMMENTS
IPAD_398;Dudumunir Cave;West Papua | Arguni, Kokas, Fakfak Regency, West Papua;;4326;132.54825;-2.65;;No;Documented;Not specified;Undefined;Undefined;Stationary Structures;Rock art site / Petroglyph / Pictograph / Hand stencil;;;;No;;Description: Survey findings on the cave's surface revealed pottery fragments and mollusk shells, while faint images of palms and geometric shapes adorned the walls. | Keywords: papua, west papua, fakfak | Alternative_Name: Gua Dudumunir
IPAD_399;Matutuo Arguni Site;West Papua | Arguni, Kokas, Fakfak Regency, West Papua;;4326;132.550167;-2.654306;;No;Documented;Not specified;Undefined;Undefined;Stationary Structures;Rock art site / Petroglyph / Pictograph / Hand stencil;;;;No;;Description: The figures observed on the Matutuo Arguni cliffs include humans, lizards, geometric shapes, and indistinct shapes. | Keywords: papua, west papua, fakfak
IPAD_400;Mampoga Site;West Papua | Arguni, Kokas, Fakfak Regency, West Papua;;4326;132.562361;-2.655083;;No;Documented;Not specified;Undefined;Undefined;Stationary Structures;Rock art site / Petroglyph / Pictograph / Hand stencil;;;;No;;Description: There are red and yellow images with diverse shapes and styles. Depicting a series of stories, most images are damaged or peeling. The images feature palms, geometric shapes, lizards, red dots, circles, turtles, fish, anthropomorphic figures, and fragments of human bones. | Keywords: papua, west papua, fakfak
IPAD_401;Pintunis Site;West Papua | Arguni, Kokas, Fakfak Regency, West Papua;;4326;132.562917;-2.656806;;No;Documented;Not specified;Undefined;Undefined;Stationary Structures;Rock art site / Petroglyph / Pictograph / Hand stencil;;;;No;;Description: images with red and yellow hues reveal depictions of palms, circles, anthropomorphic figures, and geometric shapes. | Keywords: papua, west papua, fakfak
IPAD_402;Andarewa Cave;West Papua | Mambuniibuni, Kokas, Fakfak Regency, West Papua;;4326;132.727917;-2.823444;;No;Documented;Not specified;Undefined;Undefined;Stationary Structures;Rock art site / Petroglyph / Pictograph / Hand stencil;;;;No;;Description: At the cave mouth on the eastern side lies a mound of mollusk shells resembling a hill, while the western wall features a weathered image resembling a hand's palm. The Andarewa Cave comprises interconnected passages and surface discoveries of pottery fragments, mollusks, as well as human and animal bones, indicate its past use as a residential area. | Keywords: papua, west papua, fakfak | Alternative_Name: Gua Andarewa
IPAD_403;Afofo Site;West Papua | Goras, Kokas, Fakfak Regency, West Papua;;4326;132.667528;-2.760111;;No;Documented;Not specified;Undefined;Undefined;Stationary Structures;Rock art site / Petroglyph / Pictograph / Hand stencil;;;;No;;Description: The images identified on the Afofo site depict humans, palms, and soles. Arms, wrists, feet, reptiles, boomerangs, fish, geometric shapes, circles, combs, lines, and interconnected symbols. Hand drawing depicts a hand's shape with truncated fingers and a palm resembling that of a child. Flat and towering cliffs with a brownish hue are visible, featuring a red palm depicted on the perpendicular wall. Below the cliff, a series of red dots are arranged in a row. Positioned at the lower right corner of the circular image are the palm and soles of upward-facing arms. Additionally, various images of fish, geometric shapes, rectangles and circles are present. | Keywords: papua, west papua, fakfak
IPAD_404;Kunu'u Site;West Papua | Goras, Kokas, Fakfak Regency, West Papua;;4326;132.659139;-2.750944;;No;Documented;Not specified;Undefined;Undefined;Stationary Structures;Rock art site / Petroglyph / Pictograph / Hand stencil;;;;No;;Description: This location features paintings on extremely steep coral walls, with some showing signs of wear, all of which are red. | Keywords: papua, west papua, fakfak
IPAD_405;Ota Site;West Papua | 7JFQ+HRG Furir, Fakfak Regency, West Papua;;4326;132.639583;-2.726056;;No;Documented;Not specified;Undefined;Undefined;Stationary Structures;Rock art site / Petroglyph / Pictograph / Hand stencil;;;;No;;Description: This location is more commonly referred to as Putri Island, believed to be the resting place of mermaids according to local legend. This belief is supported by the existence of graves on the cliff terraces, along with rows of skulls and remnants of human bones. Additionally, remnants such as wooden boards, paddles, and tifa can be found. The cliff structure features a distinctive white indentation, with wooden stairs leading to the top. Faded red images of a palm tree and a fish can be observed on various parts of the walls. At the edge of the towering cliff, enveloped by verdant trees, a crimson mark catches the eye. Initially resembling a red smudge, closer inspection reveals it to be a palm impression. The image is situated 15 meters above sea level. | Keywords: papua, west papua, fakfak | Alternative_Name: Pulau Putri
IPAD_406;Aisosoauwata Site;West Papua | 7JFQ+H8H Furir, Fakfak Regency, West Papua;;4326;132.638361;-2.726056;;No;Documented;Not specified;Undefined;Undefined;Stationary Structures;Rock art site / Petroglyph / Pictograph / Hand stencil;;;;No;;Description: The site also highlights red artworks, although the theme is somewhat ambiguous, only discernible through red paint on the extremely steep rock surfaces. | Keywords: papua, west papua, fakfak
IPAD_407;Sora'a Site;West Papua | 7JFQ+H8H Furir, Fakfak Regency, West Papua;;4326;132.631972;-2.723389;;No;Documented;Not specified;Undefined;Undefined;Stationary Structures;Rock art site / Petroglyph / Pictograph / Hand stencil;;;;No;;Description: East of Furir village lies a promontory featuring walls shaped like a brownish-white niche. Atop the terrace sits a tomb structure surrounded by stacks of plates and skull bones swathed in white cloth. Adorning the walls and ceiling are red paintings. The images that astonish us are located in an area measuring 34 meters in length and 2-4 meters in width. In addition to the presence of red, yellow is also visible. The images discovered at the Sora'a site include depictions of palms, arms, feet, rectangles, geometric shapes, flower petals, spears, fish, lizards, jellyfish, humans, red circles, dots, and anthropomorphic figures. Some images are damaged and challenging to recognize. The predominant image features a palm alongside geometric shapes. | Keywords: papua, west papua, fakfak
IPAD_408;Sosoraweru Cave;West Papua | 7JFQ+H8H Furir, Fakfak Regency, West Papua;;4326;132.629972;-2.724083;;No;Documented;Not specified;Undefined;Undefined;Stationary Structures;Rock art site / Petroglyph / Pictograph / Hand stencil;;;;No;;Description: Discoveries within the cave include pottery shards, animal bones, mollusks, and fragments of the ceiling. The cavern ceiling displays a darkened figure in a deteriorated state. The findings suggest the impact and practices of Austronesian culture that previously flourished in the Berau Bay region. | Keywords: papua, west papua, fakfak | Alternative_Name: Gua Sosoraweru
IPAD_409;Damir Site;West Papua | 7JFQ+H8H Furir, Fakfak Regency, West Papua;;4326;132.619472;-2.714917;;No;Documented;Not specified;Undefined;Undefined;Stationary Structures;Rock art site / Petroglyph / Pictograph / Hand stencil;;;;No;;Description: Images of palms, wrists, arms, geometric shapes, fish, and boomerangs adorn the white cliff walls, accompanied by rows of red dots. | Keywords: papua, west papua, fakfak
IPAD_410;Bosu'umata Site;West Papua | 8H5P+3HG Fior, Fakfak Regency, West Papua;;4326;132.586444;-2.692306;;No;Documented;Not specified;Undefined;Undefined;Stationary Structures;Rock art site / Petroglyph / Pictograph / Hand stencil;;;;No;;Description: The site is referred to as Mbosu'umata due to its location at the edge of the cliff. Stalactites bear a resemblance to pig snouts. Red images adorn the white cliff walls, alongside other indiscernible shapes. Human bone fragments are also present on the terrace. | Keywords: papua, west papua, fakfak
IPAD_411;Wamaraim Site;West Papua | 8G8R+M5M Fior, Fakfak Regency, West Papua;;4326;132.540417;-2.683278;;No;Documented;Not specified;Undefined;Undefined;Stationary Structures;Rock art site / Petroglyph / Pictograph / Hand stencil;;;;No;;Description: The website is predominantly featuring palm tree images. Additionally, there is a picture of Matutuo. It is worn, backfired, and has red dots. At a height of 20 meters, images of interlocking palms and geometric lines are visible. The site faces eastward, with perpendicular brownish-white cliffs, named for the bird pictures it hosts. Known as Wamaraim with white markings on the field. On the cliff, there are images of upright palms, turtles, and lizards. Additionally, there is an image of a palm tree with an upward orientation. Additionally, there are fish shapes, dots, and various images with unidentified shapes. Furthermore, there is an image resembling an elongated piece of wood with a slightly pointed end. The central attraction of this site is a large painting of a white bird painted in the attempt to show internal organs ('X-ray'), drawn on a red background. This is known as a Wamarain bird, the name given to the cliff (Plates 29 and 105). Stencilled figures are dominated by completely drawn hands and with the arms often drawn in a dark red pigment, making them clearly visible (Plate 102). Other stencils cannot be identified. There are a couple of long thin objects with a pointed tip (Plates 101 and 106) and another with one tip pointed and the other oval (Plate 105
IPAD_412;Tapuraramo Site;West Papua | 8FJW+4F5 Andamata, Fakfak Regency, West Papua;;4326;132.496222;-2.66975;;No;Documented;Not specified;Undefined;Undefined;Stationary Structures;Rock art site / Petroglyph / Pictograph / Hand stencil;;;;No;;Description: The cliff's condition manifests as a crevasse that directly overlooks the sea. The distance of the sea level at low tide is 4 meters. Pictures adorn the walls and ceilings. Images are arranged in clusters of different shapes and sizes, predominantly in red with a yellow hue. The cliff displays various images such as red dots, hands, boomerangs, geometric shapes, stripes, shields, lizards, fish, curved lines, circles, combs, and crescent moons, alongside some more obscure depictions. | Keywords: papua, west papua, fakfak
IPAD_413;Kokuit Uatmata Site;West Papua | 8FJW+4F5 Andamata, Fakfak Regency, West Papua;;4326;132.496222;-2.66975;;No;Documented;Not specified;Undefined;Undefined;Stationary Structures;Rock art site / Petroglyph / Pictograph / Hand stencil;;;;No;;Description: The cliff's condition manifests as a crevasse that directly overlooks the sea. The distance of the sea level at low tide is 4 meters. Pictures adorn the walls and ceilings. Images are arranged in clusters of different shapes and sizes, predominantly in red with a yellow hue. The cliff displays various images such as red dots, hands, boomerangs, geometric shapes, stripes, shields, lizards, fish, curved lines, circles, combs, and crescent moons, alongside some more obscure depictions. | Keywords: papua, west papua, fakfak
IPAD_811;Kampung Lama Forir;Fakfak | Papua;;4326;132.629222;-2.718278;;No;Documented;Not specified;;;Archaeological Sites;Open-air site;;;;No;Sukandar, S. C. (2015). Jejak budaya penutur Austronesia pada situs Kampung Forir, Fakfak (The last vestiges of the Austronesian culture in Kampung Forir Site, Fakfak). Jurnal Penelitian Arkeologi Papua dan Papua Barat, 7(1).;Description: A survey of the Kampung Lama Forir site recorded archaeological remains consisting of six decorated pottery fragments: four rim sherds, one body sherd, and one base sherd. In addition, 23 plain pottery fragments were found, comprising 6 rim fragments, 14 body fragments, 2 base fragments, and 1 pot-lid handle fragment. The pottery finds are black and red in colour.
IPAD_812;Ndamirweru;Fakfak | Papua;;4326;132.619483;-2.714917;;No;Documented;Not specified;;;Stationary Structures;Rock art site / Petroglyph / Pictograph / Hand stencil;;;;No;Sukandar, S. C. (2015). Jejak budaya penutur Austronesia pada situs Kampung Forir, Fakfak (The last vestiges of the Austronesian culture in Kampung Forir Site, Fakfak). Jurnal Penelitian Arkeologi Papua dan Papua Barat, 7(1).;Description: Rock art is located on cliff overhangs, with motifs comprising hand stencils (seven on the northern side and three on the eastern side), dots, and turtles. The rock paintings are red in colour.
IPAD_813;Aintura;Fakfak | Papua;;4326;132.620917;-2.717467;;No;Documented;Not specified;;;Stationary Structures;Rock art site / Petroglyph / Pictograph / Hand stencil;;;;No;Sukandar, S. C. (2015). Jejak budaya penutur Austronesia pada situs Kampung Forir, Fakfak (The last vestiges of the Austronesian culture in Kampung Forir Site, Fakfak). Jurnal Penelitian Arkeologi Papua dan Papua Barat, 7(1).;Description: Rock art motifs comprise hand stencils, circles, cross marks and dots extending approximately 30 metres. The paintings are red in colour.
IPAD_814;Fotamramo;Fakfak | Papua;;4326;132.620317;-2.720017;;No;Documented;Not specified;;;Stationary Structures;Rock art site / Petroglyph / Pictograph / Hand stencil;;;;No;Sukandar, S. C. (2015). Jejak budaya penutur Austronesia pada situs Kampung Forir, Fakfak (The last vestiges of the Austronesian culture in Kampung Forir Site, Fakfak). Jurnal Penelitian Arkeologi Papua dan Papua Barat, 7(1).;Description: Rock art motifs include hand stencils, starfish, human figures, geometric shapes, masks and fish. The paintings are red and yellow in colour (Sukandar, 2012: 15–16).
IPAD_875;Safar 1;Fakfak | West Papua;;4326;132.466278;-2.628223;;No;Documented;Not specified;;;Archaeological Sites;Rock art site / Petroglyph / Pictograph / Hand stencil;;;;No;Arifin, K., & Delanghe, P. (2004). Rock art in West Papua. UNESCO. https://unesdoc.unesco.org/ark:/48223/pf0000135558;Description: This site is located on a small bay in the north-west part of Ogar Island. Red paintings are found on an overhanging cliff, facing west. The remains are scattered along the cliff for approximately 25 m, 2 to 8 m above sea level (asl). They mostly decorate the lower part of the cliff
IPAD_876;Safar 2;Fakfak | West Papua;;4326;132.467056;-2.624111;;No;Documented;Not specified;;;Archaeological Sites;Rock art site / Petroglyph / Pictograph / Hand stencil;;;;No;Arifin, K., & Delanghe, P. (2004). Rock art in West Papua. UNESCO. https://unesdoc.unesco.org/ark:/48223/pf0000135558;Description: This open cliff is situated north-east of Safar 1. It might be the cliff mentioned by Roder when he described Safar 1. Faded paintings are located at approximately 10 m asl, and are distributed over an area 3 m wide. Remains of three hand stencils can be seen as well as other unidentifiable red marks.
IPAD_877;Fuum;Fakfak | West Papua;;4326;132.522444;-2.642416;;No;Documented;Not specified;;;Archaeological Sites;Rock art site / Petroglyph / Pictograph / Hand stencil;;;;No;Arifin, K., & Delanghe, P. (2004). Rock art in West Papua. UNESCO. https://unesdoc.unesco.org/ark:/48223/pf0000135558;Description: Site number 2 of Roder's catalogue is a small island, situated between the Ogar and the Arguni Islands. On the southern part of the island, on an overhanging cliff approximately 4-5 m asl, some red marks as well as yellow pigments are visible. Some hand stencils and other figures are already faded. They are scattered along the wall for about 9 m. In a small niche are remains of a red anthropomorphic figure with both hands raised and legs spread apart. Unfortunately, someone has thickened the outline of this figure with a pencil to reveal it more clearly. This painting is in Roder's book. His informant told Roder that this figure is a female matutuo, characterized by the absence of the pointed hat.
IPAD_878;Oya;Fakfak | West Papua;;4326;132.558167;-2.653556;;No;Documented;Not specified;;;Archaeological Sites;Rock art site / Petroglyph / Pictograph / Hand stencil;;;;No;Arifin, K., & Delanghe, P. (2004). Rock art in West Papua. UNESCO. https://unesdoc.unesco.org/ark:/48223/pf0000135558;Description: Pictures here are still very clear, as in Roder's illustration. There are two red objects: the lower one looks like a bullet with a triangular shape, while the other is a long tubular form with two maize com-shaped objects hanging underneath. The length of the pictures does not exceed 50 cm.
IPAD_879;Risatot;Fakfak | West Papua;;4326;132.565444;-2.644027;;No;Documented;Not specified;;;Archaeological Sites;Rock art site / Petroglyph / Pictograph / Hand stencil;;;;No;Arifin, K., & Delanghe, P. (2004). Rock art in West Papua. UNESCO. https://unesdoc.unesco.org/ark:/48223/pf0000135558;Description: The bay has a couple of islets and is well protected from the open sea. Paintings have been drawn about 5 m asl, most of them already faded. Of the five groups of paintings illustrated by Roder in his book, only one can be found and it is less clear than in Roder's illustration (Risatot, Figure 1), (Plate 92). The beautiful anthropomorphic figure which has a headdress like a helmet and a spiral penis or tail in Roder's book is now already faded, and part of the face has peeled off. A turtle painted on the left of the anthropomorphic figure mentioned earlier is faded, as are other figures and lines. A solid sun with rays can still be seen clearly. Remains of other yellowish-red pigments are scattered on this panel, but cannot be differentiated into figures. Roder described Risatot as a complex of paintings located in different places in this bay. Some were located in a cave. However, he did not mention the exact locality, except that this cave was situated approximately 100 m from the painted gallery and part of it was already ruined. At the entrance, Roder recorded remains of human and animal bones, ceramics, a model of a small boat, and a shell trumpet scattered on the ground. Roder got the impression that this place was used to keep not only the dead, but also important objects. He also recorded a wooden sculpture of an ancestor (matutua) in this cave complete with a charm of dugong teeth. Such a sculpture was also found on one of the islets in this bay. Roder mentioned that there were four small matutuo figures in a corner, but they were very fragile, and when he touched.
IPAD_880;Taminunusa/Batewa;Fakfak | West Papua;;4326;132.51375;-2.680834;;No;Documented;Not specified;;;Archaeological Sites;Rock art site / Petroglyph / Pictograph / Hand stencil;;;;No;Arifin, K., & Delanghe, P. (2004). Rock art in West Papua. UNESCO. https://unesdoc.unesco.org/ark:/48223/pf0000135558;Description: Taminunusa is an islet west of Andamata village. In Roder's book this island was named Batewa. The paintings are found on the north-eastern side of the islet on an overhung cliff. Remains of red marks are visible along this cliff for approximately 10 m. The paintings are already faded and nothing can be recognized. In Roder's time the paintings were already very faded. However, he still recognized two fishes and several hand stencils.
IPAD_881;Farek;Fakfak | West Papua;;4326;132.528556;-2.676389;;No;Documented;Not specified;;;Archaeological Sites;Rock art site / Petroglyph / Pictograph / Hand stencil;;;;No;Arifin, K., & Delanghe, P. (2004). Rock art in West Papua. UNESCO. https://unesdoc.unesco.org/ark:/48223/pf0000135558;Description: This islet is north-east of Andamata village and the paintings can be seen on the northern side at about 10 m asl. What is left now is a concentration of unidentifiable red marks, one of which is probably a fish stencil.
IPAD_882;Mernusa;Fakfak | West Papua;;4326;132.529306;-2.681195;;No;Documented;Not specified;;;Archaeological Sites;Rock art site / Petroglyph / Pictograph / Hand stencil;;;;No;Arifin, K., & Delanghe, P. (2004). Rock art in West Papua. UNESCO. https://unesdoc.unesco.org/ark:/48223/pf0000135558;Description: This small island is west of Wamarain, and south-east of Farek Island. Remains of unidentifiable red marks can be sighted at approximately 2.5 m asl.
IPAD_883;Ambibiaom;Fakfak | West Papua;;4326;132.535666;-2.678973;;No;Documented;Not specified;;;Archaeological Sites;Rock art site / Petroglyph / Pictograph / Hand stencil;;;;No;Arifin, K., & Delanghe, P. (2004). Rock art in West Papua. UNESCO. https://unesdoc.unesco.org/ark:/48223/pf0000135558;Description: Paintings are found about 2.5 m asl on an overhanging cliff, spread over about 4 m. Most of them are difficult to distinguish, but there are some lines that can still be seen clearly and probably form parts of a complicated design. Two of the three pictures of this site illustrated in Roder's book were identified. They are non-figurative, consisting of lines, spirals and circles. One has been made with white pigment on a red base (Plate 99). The other painting illustrated by Roder is not identifiable anymore, but may be one of the red marks on this cliff. Roder illustrated an intricate maze. We suggest that the pigment has fused in the rock, blurring the lines and creating a big red blotch, making the original design unrecognizable. It seems that quite a number of the pictures in Roder's book have deteriorated in this way.
IPAD_884;Goor;Fakfak | West Papua;;4326;132.534777;-2.685;;No;Documented;Not specified;;;Archaeological Sites;Rock art site / Petroglyph / Pictograph / Hand stencil;;;;No;Arifin, K., & Delanghe, P. (2004). Rock art in West Papua. UNESCO. https://unesdoc.unesco.org/ark:/48223/pf0000135558;Description: Goor is an open white cliff on the mainland facing Wamarain Island. A big black stalactite protrudes from the middle of this cliff and is regarded as a snake by the local inhabitants. Goor means 'snake'. On this 30 m-long cliff, paintings are scattered from about 1-1.5 m to 8-10 m asl. Almost all of the paintings are faded and now red patches as well as some unidentified lines can be seen in many places. There are hand stencils and probably an anthropomorphic figure (Plate 100). The upper part of the body with both hands raised beside its head can still be identified. There is also a white non-figurative painting, and a faded boomerang stencil can also still be seen. The dominant figures found here consist of red dots, about 10 cm in diameter scattered randomly on the upper part of the cliff. Some are arranged in a horizontal line. Approximately 10 m westward there is another cliff that also shows traces of red paintings. However, all that can be observed now are lines of dots. Roder did not describe Goor but he described a site named Barom situated a few hundred metres to the east of Goor with similar characteristics. Roder noted that in front
IPAD_885;Barom;Fakfak | West Papua;;4326;132.537694;-2.687222;;No;Documented;Not specified;;;Archaeological Sites;Rock art site / Petroglyph / Pictograph / Hand stencil;;;;No;Arifin, K., & Delanghe, P. (2004). Rock art in West Papua. UNESCO. https://unesdoc.unesco.org/ark:/48223/pf0000135558;Description: Barom is east of Goor, facing Wamarain Island. It is an open cliff where paintings are scattered 1-8 m asl for about 15 m. The cliff is dominated by red dots about 10 cm in diameter. Most of the paintings are faded and difficult to distinguish. A red hand stencil is located on the highest point of the cliff. The remaining paintings are faded red and yellow pigments.
IPAD_886;Potmbasi / Wamerei;Fakfak | West Papua;;4326;132.540777;-2.683195;;No;Documented;Not specified;;;Archaeological Sites;Rock art site / Petroglyph / Pictograph / Hand stencil;;;;No;Arifin, K., & Delanghe, P. (2004). Rock art in West Papua. UNESCO. https://unesdoc.unesco.org/ark:/48223/pf0000135558;Description: This site is a gallery, located east of Wamarain, on the southern side of Wamarain Island. It was mentioned by Roder as the second cliff of Wamerei. Remains of red marks can be seen scattered on the wall.
IPAD_887;Fo'ora;Fakfak | West Papua;;4326;132.542389;-2.685472;;No;Documented;Not specified;;;Archaeological Sites;Rock art site / Petroglyph / Pictograph / Hand stencil;;;;No;Arifin, K., & Delanghe, P. (2004). Rock art in West Papua. UNESCO. https://unesdoc.unesco.org/ark:/48223/pf0000135558;Description: This island is situated east of Wamarain and paintings are found in a 20 m long gallery, on the south side. Roder recorded it under the name of Ora. The left corner of this cliff forms a deep shelter, much like a cave, and on the ceiling some figures are still clearly visible, together with many faded red marks and hand stencils, as well as yellow marks. This site is dominated by fish figures, shown in a vertical position, but most of them are already faded (Plate 5.5). Geometric figures include circles, triangles, and inverted U- and V-shaped figures drawn in a group (Plates 108 and 109). Some unidentifiable figures are also present (Plate 110).
IPAD_888;Mariein;Fakfak | West Papua;;4326;132.542916;-2.690694;;No;Documented;Not specified;;;Archaeological Sites;Rock art site / Petroglyph / Pictograph / Hand stencil;;;;No;Arifin, K., & Delanghe, P. (2004). Rock art in West Papua. UNESCO. https://unesdoc.unesco.org/ark:/48223/pf0000135558;Description: The island is located west of Sunduma, and paintings are distributed over three cliffs. The first one is an open cliff in the south-west of the island. At 8-10 m asl, a red hand stencil and a red mark, obliterated in the middle, can be seen clearly from a distance. At about 2 m asl there are also some very faded red marks. The second cliff is located about 30 m to the east of the first one. A stencil of a vertical dark red figure, about 80 cm long, forms the main attraction of this site. It has the shape of a fish, with its rounded head downward, but its identity is unclear (Plate 111). Two wavy lines in light red and at least seven hand stencils are clearly pictured. Above these hand stencils, two vertical fish stencils and a horizontal fish are to be seen. The paintings are distributed over approximately 10 m and the highest of them is about 7 m asl. Approximately 10 m further east, beyond a small cape, lies the third cliff facing north, towards an islet. There are several red hand stencils, some of them already badly flaked. At least four hand stencils can be identified clearly. Some flaked yellow marks are also to be seen. All of these paintings are found approximately 2.5 m asl and occupy a 3 m gallery.
IPAD_889;Sunduma;Fakfak | West Papua;;4326;132.553111;-2.689;;No;Documented;Not specified;;;Archaeological Sites;Rock art site / Petroglyph / Pictograph / Hand stencil;;;;No;Arifin, K., & Delanghe, P. (2004). Rock art in West Papua. UNESCO. https://unesdoc.unesco.org/ark:/48223/pf0000135558;Description: Paintings are found in three different places. The first group is on the overhanging cliff 3-5 m asl and scattered over about 7 m. Most of the figures are faded groups of dots, mostly red, but also yellow (Plate 112). The second group is found in a small white niche cut into a black cliff about 10 m asl. The paintings are very obvious, consisting of five dark red hand stencils, two oval stencils and some other unrecognized figures (Plate 1.1). The paintings are densely concentrated in this niche, occupying an area 3 m wide and 2 m high. There are also yellow dots. In another niche at the same cliff a concentration of red and yellow dots, each one approximately 10 cm in diameter, can be observed. The last group of paintings consists of unidentifiable red and yellow marks on a cliff 5-10 m asl.
IPAD_890;Cape Ufit;Fakfak | West Papua;;4326;132.568334;-2.688389;;No;Documented;Not specified;;;Archaeological Sites;Rock art site / Petroglyph / Pictograph / Hand stencil;;;;No;Arifin, K., & Delanghe, P. (2004). Rock art in West Papua. UNESCO. https://unesdoc.unesco.org/ark:/48223/pf0000135558;Description: Paintings are in two separate places, one in a gallery and the other in an open cliff. In the gallery they are approximately 3.5 m asl and higher, painted on the wall just above the platform as well as on the ceiling. Most of the paintings are now only faded red and yellow marks, sometimes already flaked and unidentifiable. Some of them form parallel lines, brackets and hooks. There is a red curved smear about 80 cm long and 20 cm thick, already flaked
IPAD_891;Babamba;Fakfak | West Papua;;4326;132.579528;-2.689722;;No;Documented;Not specified;;;Archaeological Sites;Rock art site / Petroglyph / Pictograph / Hand stencil;;;;No;Arifin, K., & Delanghe, P. (2004). Rock art in West Papua. UNESCO. https://unesdoc.unesco.org/ark:/48223/pf0000135558;Description: This small island is located between Cape Ufit and Mbosu'umata and has a painted cliff on the north side. In Roder's map this island is called Fior Lama. There are remains of red marks and a hand stencil approximately 5 m asl, over an area of 2 m width.
IPAD_892;Boam 1-4;Fakfak | West Papua;;4326;132.595389;-2.701472;;No;Documented;Not specified;;;Archaeological Sites;Rock art site / Petroglyph / Pictograph / Hand stencil;;;;No;Arifin, K., & Delanghe, P. (2004). Rock art in West Papua. UNESCO. https://unesdoc.unesco.org/ark:/48223/pf0000135558;Description: Paintings can be seen clearly in dark red colour on a cliff about 10 m asl. A matutuo wearing a pointed hat, face complete with eyes and mouth, is the central attraction of this site. In Roder's illustration the body was pictured in 'X-ray' style, showing the backbone and horizontal lines coming out of it on the left and right. Today these infill lines are not visible, but seem to have fused together, so the inner part of the body shows a solid infill, of a lighter colour than the body's outline (Plate 34). There are other motifs depicted on this cliff: on the right, a round solid object with rays, which, according to Roder's informants, was a representation of the sun, and a geometric figure on the left, identified by the local inhabitants as a crocodile. Close to the matutuo is a long object that looks like a walking stick. Under the 'crocodile' are two eroded figures painted in bright red
IPAD_893;Manggo - Manga;Fakfak | West Papua;;4326;132.596889;-2.707056;;No;Documented;Not specified;;;Archaeological Sites;Rock art site / Petroglyph / Pictograph / Hand stencil;;;;No;Arifin, K., & Delanghe, P. (2004). Rock art in West Papua. UNESCO. https://unesdoc.unesco.org/ark:/48223/pf0000135558;Description: The site is registered as Manga in Roder's book. This open cliff is located east of Boam 4. Red and yellow hand stencils can be seen clearly on the yellowish brown cliff. They mostly include the arm. Several geometric motifs are done in different hues of red. A number of intricate geometric figures on this cliff were considered by Roder to be typical of the Manga style (Figure 7). However, some of them have started to deteriorate, the lines are fusing together, and some paintings have peeled off and washed away. One painting depicted by Roder was a beautiful matutuo figure with an elaborate headdress, an 'X-ray' body, and a spiral tail or penis. Today only the top part of the headdress and the tip of the spiral tail can be seen
IPAD_894;Dijora;Fakfak | West Papua;;4326;132.602444;-2.705306;;No;Documented;Not specified;;;Archaeological Sites;Rock art site / Petroglyph / Pictograph / Hand stencil;;;;No;Arifin, K., & Delanghe, P. (2004). Rock art in West Papua. UNESCO. https://unesdoc.unesco.org/ark:/48223/pf0000135558;Description: This black anthropomorphic figure illustrated in Roder's book has deteriorated, and only half of it can be seen today (Plate 31). The red marks surrounding it are also severely flaked. The red paintings include intricate mazes and a lizard-like figure.
IPAD_895;Fior;Fakfak | West Papua;;4326;132.603083;-2.707667;;No;Documented;Not specified;;;Archaeological Sites;Rock art site / Petroglyph / Pictograph / Hand stencil;;;;No;Arifin, K., & Delanghe, P. (2004). Rock art in West Papua. UNESCO. https://unesdoc.unesco.org/ark:/48223/pf0000135558;Description: This open cliff is located next to Fior village, on its western side. Remains of red hand stencils can be seen. Roder did not mention this site. Probably this site is one of the sites mentioned by Roder under no. 22 (Cape Omata, Odi Island, Cape Awu, or Sinanruma).
IPAD_896;Urumbua uwat Mata;Fakfak | West Papua;;4326;132.607694;-2.706917;;No;Documented;Not specified;;;Archaeological Sites;Rock art site / Petroglyph / Pictograph / Hand stencil;;;;No;Arifin, K., & Delanghe, P. (2004). Rock art in West Papua. UNESCO. https://unesdoc.unesco.org/ark:/48223/pf0000135558;Description: This site is located east of Fior village. Before entering the village there are two open cliffs with paintings. The eastern cliff has paintings, approximately 25 m asl. What can be seen are only red marks, some of them very eroded. The second cliff located closer to Fior has paintings 3-8 m asl. Only red marks, a row of dots and a stencil of a round object are present.
IPAD_897;Sumbunane;Fakfak | West Papua;;4326;132.606444;-2.70525;;No;Documented;Not specified;;;Archaeological Sites;Rock art site / Petroglyph / Pictograph / Hand stencil;;;;No;Arifin, K., & Delanghe, P. (2004). Rock art in West Papua. UNESCO. https://unesdoc.unesco.org/ark:/48223/pf0000135558;Description: Amongst some vague red marks at least two red hand stencils can be identified. A geometric figure of crossed lines in bright red is clearly identifiable (Plate 118). Probably this site is also one of the sites mentioned by Roder under no. 22 (Cape Omata, Odi Island, Cape Awu, or Sinanruma).
IPAD_898;Anduir;Fakfak | West Papua;;4326;132.608833;-2.810556;;No;Documented;Not specified;;;Archaeological Sites;Rock art site / Petroglyph / Pictograph / Hand stencil;;;;No;Arifin, K., & Delanghe, P. (2004). Rock art in West Papua. UNESCO. https://unesdoc.unesco.org/ark:/48223/pf0000135558;Description: This is a big cave with magnificent stalactites and stalagmites. The cave is located approximately 500 m from Fior, further inland on the slope of a hill. Roder wrote that this cave was not regarded as a sacred place. Today most of the villagers seem to be ignorant of the presence of black paintings in the cave. But they, especially the children, helped us find at least thirty-one black figures representing anthropomorphic motifs, often stylized. The four figures illustrated by Roder are on the right wall at the front of the cave, approximately 2 m above the ground (Figure 12). They are already very faded and would have been difficult to identify without the help of Roder's pictures. The size of the anthropomorphic figures is 8.5 x 2 cm, and other figures in this cave are about the same size. They are all very faded and many are badly eroded. The presence of paintings on the ceiling of the cave is remarkable, 3-7 m above the ground. Presumably the artists used a kind of scaffolding to be able to draw them. The figures are drawn in horizontal rows, in groups or individually. Some of them resemble the black figures at Afofo and the common motif tattooed on the backs of Humboldt Bay men (Kooiman and Hoogerbrugge, 1992, pp. 75-6), but they are simpler (see Box 2, 'Tattoos'). Red marks, also found very high up, approximately 7 m above the ground, may have been anthropomorphic figures.
IPAD_899;Buraramu;Fakfak | West Papua;;4326;132.619167;-2.715139;;No;Documented;Not specified;;;Archaeological Sites;Rock art site / Petroglyph / Pictograph / Hand stencil;;;;No;Arifin, K., & Delanghe, P. (2004). Rock art in West Papua. UNESCO. https://unesdoc.unesco.org/ark:/48223/pf0000135558;Description: Buraramu is a large site on the mainland, located west of Tuturu Island. Most of the paintings are already faded. Red and yellow pigments are to be seen, and many of them are unidentifiable. Among those clearly visible are stencils of hands and unknown objects (Plate 1.17), and various kinds of geometric figures: triangles (Plate 120), circles, lines, dots, stars, and mazes. Engravings of lines are also present.
IPAD_900;Duri;Fakfak | West Papua;;4326;132.6195;-2.721278;;No;Documented;Not specified;;;Archaeological Sites;Rock art site / Petroglyph / Pictograph / Hand stencil;;;;No;Arifin, K., & Delanghe, P. (2004). Rock art in West Papua. UNESCO. https://unesdoc.unesco.org/ark:/48223/pf0000135558;Description: This site was listed under Taba by Roder, but the paintings were illustrated under Duri (site 27). It was difficult to find because mangroves cover the low cliff and the local people did not recognize the names Duri or Taba. The place listed by Roder as Duri is a mangrove coast without cliffs. During our second visit to Taba we found the paintings described by Roder for Duri, but not those described for Taba. Stencils of a group of round objects in bright red are to be seen today (see Box 1, 'Stencilled Objects'). An anthropomorphic or matutuo figure has both hands raised. Above the left hand, there are seven dots. Both the face and the body are drawn with one vertical line, and horizontal lines come out from it
IPAD_901;Tuturu;Fakfak | West Papua;;4326;132.621861;-2.717917;;No;Documented;Not specified;;;Archaeological Sites;Rock art site / Petroglyph / Pictograph / Hand stencil;;;;No;Arifin, K., & Delanghe, P. (2004). Rock art in West Papua. UNESCO. https://unesdoc.unesco.org/ark:/48223/pf0000135558;Description: This gallery is located on the northern side of Tuturu Island. Roder recorded it as Duduru. Paintings are scattered 2-7 m asl over a width of approximately 10 m. There are many red marks and also remains of yellow pigment. Still visible are some hand stencils, lines, anthropomorphic figures (one of them with a face and the upper part of the body), and remains of geometric figures similar to those found at Manggo, but in a cruder format.
IPAD_902;Ota;Fakfak | West Papua;;4326;132.639972;-2.725528;;No;Documented;Not specified;;;Archaeological Sites;Rock art site / Petroglyph / Pictograph / Hand stencil;;;;No;Arifin, K., & Delanghe, P. (2004). Rock art in West Papua. UNESCO. https://unesdoc.unesco.org/ark:/48223/pf0000135558;Description: This island is located east of Furir and north of Sausosso. According to Roder, Ota was a centre for red and black paintings. They could be found in the west, south and east galleries. He added that the Darembang people occupied this island, and that their graves could still be seen. Remains of human bones were also found in the galleries. Roder saw shells and turtle bones, which seemed to come from offerings a long time ago
IPAD_903;Sausosso;Fakfak | West Papua;;4326;132.640306;-2.728694;;No;Documented;Not specified;;;Archaeological Sites;Rock art site / Petroglyph / Pictograph / Hand stencil;;;;No;Arifin, K., & Delanghe, P. (2004). Rock art in West Papua. UNESCO. https://unesdoc.unesco.org/ark:/48223/pf0000135558;Description: This site is located on an islet south-east of Ota. Roder mapped this site in the wrong place. This site contains one painting of an orange-red stylized anthropomorphic figure, 3 m asl (Plate 140). It is located on the east side of the islet.
