SITE_SOURCE_ID; SITE_NAME                       ; LOCALISATION       ; GEONAME_ID; PROJECTION_SYSTEM; LONGITUDE; LATITUDE ; ALTITUDE; CITY_CENTROID; STATE_OF_KNOWLEDGE; OCCUPATION   ; STARTING_PERIOD; ENDING_PERIOD; MAIN_CHARAC         ; CHARAC_LVL1                                                 ; CHARAC_LVL2; CHARAC_LVL3; CHARAC_LVL4; CHARAC_EXP; BIBLIOGRAPHY                                                                                                                                                                                                                                                                  ; COMMENTS
IPAD_013      ; Loyang Mendale Cave             ; Aceh               ;           ;              4326; 96.860   ;  4.610   ;         ; No           ; Literature        ; Not specified; -9545          ; -8547        ; Archaeological Sites; Burial / Cemetery / Kubur / Makam                           ;            ;            ;            ; No        ; https://doi.org/10.1080/15564894.2020.1868631 | https://doi.org/10.1080/15564894.2020.1868631 | https://doi.org/10.1088/1742-6596/1341/3/032047 | https://doi.org/10.1088/1742-6596/1341/3/032047                                                                             ; Description: site is believed to be habitation during 12,000-3,000 BP (before present) with archaeological findings such as sumatralith stone tools, grinding stones, and folded burials (Wiradnyana, 2011). Other research conducted in Loyang Mendale Cave, Loyang Ujung Karang Cave, and Putri Pukes Cave located on the edge of Lake Lut Tawar in the central mountains of Aceh give evidence of settlements since 9,000 BP. In these three sites, the da ta on artifacts, ecofacts, aeological sites containing red-slipped pottery are Kendenglembu in East Java (Noerwidi 2009), Liang Abu in Kalimantan (Plutniak et al. 2014) and Lolo Gedang in Jambi (Aziz 2009). Several examples are also reported from Loyang Mendale Cave, Aceh found together with three-coloured pottery (Wiradnyana and Taufiqurrahman 2011), but their stratigraphic associations still need verification. It is important to note that the finding of both co | Keywords: Cave
IPAD_014      ; Loyang Ujung Karang Cave        ; Aceh               ;           ;              4326; 96.850   ;  4.600   ;         ; No           ; Literature        ; Not specified; -6176          ; -5589        ; Archaeological Sites; Cave / Gua / Liang / Ceruk                                  ;            ;            ;            ; No        ; https://doi.org/10.1080/15564894.2020.1868631 | https://doi.org/10.1080/15564894.2020.1868631 | https://doi.org/10.1088/1742-6596/1341/3/032047 | https://doi.org/10.1088/1742-6596/1341/3/032047                                                                             ; Description: same context as Loyang Mendale Cave and Putri Pukes Cave in the central mountains of Aceh
IPAD_231      ; Sukajadi                        ; North Sumatra      ;           ;              4326; 98.500   ;  4.000   ;         ; No           ; Excavated         ; Not specified; -10000         ; -9000        ; Archaeological Sites; Shell midden / Shell mound / Bukit Kerang / Kjokkenmoddinger;            ;            ;            ; No        ;                                                                                                                                                                                                                                                                               ; Description: Sukajadi (Sukajadi Pasar) is a shell midden site in northern Sumatra, part of the Bukit Kerang tradition. The site contains evidence of early Holocene occupation with marine shell deposits and is associated with early Homo sapiens in the region. Similar to other Bukit Kerang sites in Aceh Tamiang.
IPAD_232      ; Tamiang                         ; Aceh | Aceh Tamiang;           ;              4326; 98.100   ;  4.300   ;         ; No           ; Excavated         ; Not specified; -5000          ; -4000        ; Archaeological Sites; Shell midden / Shell mound / Bukit Kerang / Kjokkenmoddinger;            ;            ;            ; No        ;                                                                                                                                                                                                                                                                               ; Description: Tamiang (Bukit Kerang) is a shell midden site in Aceh Tamiang Regency, Aceh. The site is part of the widespread Bukit Kerang tradition of prehistoric hunter-gatherer sites in northern Sumatra, dating to the Holocene period. Shell deposits indicate marine resource exploitation by early coastal communities.
IPAD_925      ; Bukit Kerang - Kjoekkenmoddinger; Aceh | Sumatra     ;           ;              4326; 98.180235;  4.394320;         ; No           ; Documented        ; Not specified;                ;              ; Archaeological Sites; Open-air site                                               ;            ;            ;            ; No        ; Harry Widianto. Atlas : Prasejarah Indonesia / Harry Widianto .2013                                                                                                                                                                                                           ; Description: This shell mound is approximately 4.5 meters high, 20 meters wide, and 25 meters long. The site area is 36 x 31 square meters. Several excavations and research activities conducted by the Medan Archaeological Center have uncovered various types of stone tools, human and animal bone fragments, animal teeth, human teeth, and rock fragments. These findings support the hypothesis that this area was once used for residential purposes.
IPAD_926      ; Bukit Remis                     ; Aceh | Sumatra     ;           ;              4326; 98.000000; 14.000000;         ; No           ; Documented        ; Not specified;                ;              ; Archaeological Sites; Shell midden / Shell mound / Bukit Kerang / Kjokkenmoddinger;            ;            ;            ; No        ; Harry Widianto. Atlas : Prasejarah Indonesia / Harry Widianto .2013                                                                                                                                                                                                           ; Description: This site is a collection of mussel or shell waste that has accumulated into a mound. The hill consists of several mounds that merge to form a hill with a length of about 94 meters and a height of 4 meters from the surrounding ground. Initially, it was widely dug by local residents for lime raw material, so that on the northern side the first mound appears damaged. This first mound has an area of about 2200 m2 with details of 48 meters long and 46 meters wide.
IPAD_927      ; Puteri Pukes Cave               ; Aceh | Sumatra     ;           ;              4326; 96.883183;  4.641183;         ; No           ; Documented        ; Not specified;                ;              ; Archaeological Sites; Cave / Gua / Liang / Ceruk                                  ;            ;            ;            ; No        ; Harry Widianto. Atlas : Prasejarah Indonesia / Harry Widianto .2013                                                                                                                                                                                                           ; Description: This cave site is about 25 m long and 5 to 7 m wide. The cave entrance is 2 meters high with a diameter of 1.6 meters. There are stalactites and stalagmites, some of which are shaped like statues associated with the Legend of Putri Pukes. There is also a well in the middle of the cave room. The well has a diameter of 4 m and a depth of 2 meters. In addition, there is a stone mortar, a grinding stone, and pottery fragments, one of each. Additionally, several stone tools from the Neolithic period and microliths were also found.
IPAD_206      ; Bat Cave                        ; Sumatra            ;           ;                  ;          ;          ;         ; No           ; Documented        ; Not specified; -11700         ; 1950         ; Archaeological Sites; Burial / Cemetery / Kubur / Makam                           ;            ;            ;            ; No        ; https://doi.org/10.30883/jba.v40i2.518 | https://doi.org/10.30883/jba.v30i1.385 | https://doi.org/10.1007/978-3-319-51726-1_3373-1 | https://doi.org/10.1038/s41586-018-0679-9 | https://doi.org/10.1080/15564894.2020.1868631 | https://doi.org/10.1080/15564894.2020.1868631; Description: es and mortars, primary flakes and blades (used but not rctouched), projectile points of stone with rounded base, shell ornaments, red pigment and flexed burials, and a few cord-marked potsherds. The type site Gua Lawa (Bat Cave) was discovered in January 1926 by L. J. C. van Es, a geologist, when visiting the Southern Mountains near Ponorogo, East Java. On this occasion he was informed by the district officer that employees of the sugar factor hian sites in North Sumatra and Aceh indicate that there are fragments of potte ry at the upper part. Pottery has never been found at the mid- depth of the sites. Highland Hoabinhian sites are also found at Gua Kampret (Bat Cave) Site in the regency of Langkat, North Sumatra Province. On the hollow dirt wall outcrop fragments of pottery were found and at deeper part were found pebble tools with morphologically belong to Early Holocene period an | Keywords: Cave
IPAD_212      ; Gua Marike                      ; Sumatra            ;           ;                  ;          ;          ;         ; No           ; Documented        ; Not specified;                ;              ; Archaeological Sites; Shell midden / Shell mound / Bukit Kerang / Kjokkenmoddinger;            ;            ;            ; No        ; https://doi.org/10.30883/jba.v40i2.518 | https://doi.org/10.30883/jba.v30i1.385 | https://doi.org/10.30883/jba.v41i2.855 | https://doi.org/10.24164/pnk.v2i1.21                                                                                                               ; Description: Hilir di Deli Serdang (Sumatra Utara). Data tambahan terkait dengan situs Hoabinh di Sumatra bagian utara juga telah ditemukan di wilayah pedalaman Sumatra bagian utara, yaitu pada situs gua Loyang Mendale (Aceh) serta Gua Marike dan Gua Kampret, Bukit Lawang (Sumatra Utara) (Wiradnyana 2011, 28-29). Pada situs tersebut telah ditemukan adanya kesamaan budaya, yaitu penggunaan artefak litik monofasial, yaitu sumatralit. Beberapa di antaranya menu unian awal pendukung budaya Hoabinh. DAS ini juga banyak ditemukan situs bukit kerang dari hilir hingga hulu, di antaranya Situs Bukit Kerang Tandem Hilir, Bukit Kerang Kampung Baru, Bukit Kerang Pasar III dan Pasar V , Gua Marike, dan Gua Kampret, dan lainnya. DAS lainnya yang menjadi sangat penting dalam kaitannya dengan keberadaan artefak Hoabinhian di dataran tinggi adalah DAS Deli, DAS Belawan, dan DAS Percut yang ketiganya berhulu di Tanah
